fid,DPA_PARROQ,DPA_DESPAR,DPA_CANTON,DPA_DESCAN,DPA_PROVIN,DPA_DESPRO,DPA_ANIO,altitud_mean,altitud_min,altitud_max,pendiente_mean,distancia_parroquias_rios_distance,prec_mean
1,"100650",URCUQUÍ,"1006",SAN MIGUEL DE URCUQUÍ,"10",IMBABURA,"2026",2527.45981922591,794,4501,89.9884703376612,10093483.9533499,83.9248142594459
2,"030350",CAÑAR,"0303",CAÑAR,"03",CAÑAR,"2026",2619.9607033629,69,4497,89.9188200260342,9748839.00894463,85.6382016511603
3,"130650",JIPIJAPA,"1306",JIPIJAPA,"13",MANABÍ,"2026",380.236853696191,0,868,89.9042313264835,9856435.84784473,66.564945818773
4,"190850",PALANDA,"1908",PALANDA,"19",ZAMORA CHINCHIPE,"2026",2226.31672874142,767,3758,89.9972732477794,9520760.99826608,93.1686518200919
5,"070650",EL GUABO,"0706",EL GUABO,"07",EL ORO,"2026",329.187671022391,-17,3214,84.2967239134899,9670758.14962174,80.7409141394121
6,"131750",PEDERNALES,"1317",PEDERNALES,"13",MANABÍ,"2026",216.299781200606,-29,894,86.6267978182538,10030673.3218636,110.573130650981
7,"030150",AZOGUES,"0301",AZOGUES,"03",CAÑAR,"2026",3069.65845704493,1969,4109,89.9767570404262,9738420.62121122,90.7470439250653
8,"220250",NUEVO ROCAFUERTE,"2202",AGUARICO,"22",ORELLANA,"2026",231.598759456729,151,394,88.91895052019,9952650.70117481,135.906712582287
9,"040350",EL ÁNGEL,"0403",ESPEJO,"04",CARCHI,"2026",2918.44650392383,1013,4208,89.9793710419118,10113003.1368395,81.0284368394507
10,"091850",SANTA LUCÍA,"0918",SANTA LUCÍA,"09",GUAYAS,"2026",20.20714634882,-17,163,89.0063931408224,9829355.45036296,84.8775053984367
11,"092550",NARCISA DE JESÚS,"0925",NOBOL,"09",GUAYAS,"2026",38.6662580231518,-17,325,89.1450253433464,9801641.78655671,74.8615299889801
12,"170950",PUERTO QUITO,"1709",PUERTO QUITO,"17",PICHINCHA,"2026",243.484599494,83,544,89.7973210530501,10041406.6371703,163.26053785476
13,"210150",NUEVA LOJA,"2101",LAGO AGRIO,"21",SUCUMBÍOS,"2026",307.762927438712,225,640,89.662739464002,10059087.5128646,138.615764560984
14,"130550",FLAVIO ALFARO,"1305",FLAVIO ALFARO,"13",MANABÍ,"2026",256.969442058996,86,1013,89.9817234243667,9984158.02118547,119.342023397014
15,"092750",GENERAL ANTONIO ELIZALDE,"0927",GENERAL  ANTONIO ELIZALDE,"09",GUAYAS,"2026",283.279866870655,86,1694,89.4290964280836,9786213.06411229,128.306632009046
16,"150350",ARCHIDONA,"1503",ARCHIDONA,"15",NAPO,"2026",2346.63314339079,437,5699,89.8769474464362,9955893.75932479,161.850904752319
17,"150450",EL CHACO,"1504",EL CHACO,"15",NAPO,"2026",2039.03079899971,118,4661,89.980124181317,10010111.4458129,144.949349828513
18,"240350",SALINAS,"2403",SALINAS,"24",SANTA ELENA,"2026",14.5811081115105,-41,97,81.0355228764984,9763386.58413452,31.1695509127208
19,"140450",PALORA,"1404",PALORA,"14",MORONA SANTIAGO,"2026",1503.42024320739,663,4198,89.9083191890374,9849258.21278946,166.216863379071
20,"190550",YANTZAZA,"1905",YANTZAZA,"19",ZAMORA CHINCHIPE,"2026",1403.38043868876,752,3044,89.9672241594925,9615429.89280192,114.806593113832
21,"092850",ISIDRO AYORA,"0928",ISIDRO AYORA,"09",GUAYAS,"2026",116.053980242475,0,387,89.8608646243247,9800641.23236527,77.0343853767376
22,"070850",MARCABELÍ,"0708",MARCABELÍ,"07",EL ORO,"2026",661.769761357836,327,1275,89.984177907454,9602058.1255128,87.3861171086629
23,"240250",LA LIBERTAD,"2402",LA LIBERTAD,"24",SANTA ELENA,"2026",25.6428357089272,-17,56,89.5331522679025,9765884.36709726,26.6184851646423
24,"140650",SUCÚA,"1406",SUCÚA,"14",MORONA SANTIAGO,"2026",1864.06980180089,546,4630,89.9256660921794,9759559.0029449,120.192518817815
25,"130450",EL CARMEN,"1304",EL CARMEN,"13",MANABÍ,"2026",177.009349128306,64,570,88.2906139822136,9973562.50929107,147.691476730304
26,"090250",ALFREDO BAQUERIZO MORENO (JUJÁN),"0902",ALFREDO BAQUERIZO MORENO (JUJÁN),"09",GUAYAS,"2026",10.9819580239424,-27,36,89.2043893055074,9807126.14259714,106.82000799127
27,"090750",ELOY ALFARO,"0907",DURÁN,"09",GUAYAS,"2026",3.09783803285968,-29,122,79.0395308929692,9774180.3212607,85.601946535728
28,"121050",SAN JACINTO DE BUENA FE,"1210",BUENA FE,"12",LOS RÍOS,"2026",122.707452161865,47,212,88.1810683891229,9942704.20326997,140.018582259552
29,"040450",MIRA,"0404",MIRA,"04",CARCHI,"2026",1850.57463472777,467,4019,89.9935895056704,10112477.3758628,92.0517769416173
30,"071350",ZARUMA,"0713",ZARUMA,"07",EL ORO,"2026",2084.49881413729,372,3893,89.9969580241123,9630865.22645288,92.2737147892747
31,"111150",SARAGURO,"1111",SARAGURO,"11",LOJA,"2026",2509.42546737731,780,3825,89.991834567615,9633408.36354859,74.6234750715132
32,"010950",SÍGSIG,"0109",SÍGSIG,"01",AZUAY,"2026",3000.13298959247,2291,4075,89.9909926266315,9682012.49215711,72.8981500180677
33,"210350",PUERTO EL CARMEN DE PUTUMAYO,"2103",PUTUMAYO,"21",SUCUMBÍOS,"2026",251.923584613548,184,331,88.5510364382218,10064310.9282598,128.489654718247
34,"170250",CAYAMBE,"1702",CAYAMBE,"17",PICHINCHA,"2026",3511.78702727536,2008,5785,89.9751416074352,10033660.5504611,84.6726666687699
35,"200250",PUERTO VILLAMIL,"2002",ISABELA,"20",GALÁPAGOS,"2026",307.298039276876,-15,1707,89.388882453475,9960384.95645515,
36,"030250",BIBLIÁN,"0302",BIBLIÁN,"03",CAÑAR,"2026",3295.08006232802,2531,4304,89.9869860373416,9731715.55893391,74.3053974488966
37,"040150",TULCÁN,"0401",TULCÁN,"04",CARCHI,"2026",1879.18825548003,94,4713,89.9754333293316,10133461.3667612,121.660317926912
38,"011550",CAMILO PONCE ENRÍQUEZ,"0115",CAMILO PONCE ENRÍQUEZ,"01",AZUAY,"2026",722.388327716691,9,2500,89.9561020188221,9684371.71048019,85.1246296709234
39,"090150",GUAYAQUIL,"0901",GUAYAQUIL,"09",GUAYAS,"2026",32.7584608399067,-43,468,76.6866234875016,9743194.20985886,70.8596836395934
40,"091250",NARANJITO,"0912",NARANJITO,"09",GUAYAS,"2026",48.901598676957,13,110,89.2767472254204,9785358.50884319,107.26998909527
41,"130850",MANTA,"1308",MANTA,"13",MANABÍ,"2026",169.646276743585,0,392,89.7401969765697,9900251.82083385,48.6846107853113
42,"110650",AMALUZA,"1106",ESPÍNDOLA,"11",LOJA,"2026",2225.25821000369,992,3875,89.9152882450807,9521238.15653609,91.6811401764928
43,"090650",DAULE,"0906",DAULE,"09",GUAYAS,"2026",11.2778929396591,-37,310,88.3365843514168,9808852.08248904,83.1328025490117
44,"090450",BALZAR,"0904",BALZAR,"09",GUAYAS,"2026",43.4066678663102,-20,266,89.7251891532687,9876803.10135182,103.98620080898
45,"210250",LUMBAQUÍ,"2102",GONZALO PIZARRO,"21",SUCUMBÍOS,"2026",1603.05221312181,374,3909,89.9594866104872,10047616.9731316,173.35777102483
46,"190250",ZUMBA,"1902",CHINCHIPE,"19",ZAMORA CHINCHIPE,"2026",1874.34829469358,606,3862,89.9874123784622,9489583.07049298,94.4543034571562
47,"050750",SIGCHOS,"0507",SIGCHOS,"05",COTOPAXI,"2026",2503.30062985513,655,5101,89.8196958601484,9956430.8707993,114.320100553895
48,"900651",ZONA EN ESTUDIO: JUVAL (CAÑAR-CHIMBORAZO),"9006",ZONA EN ESTUDIO: JUVAL (CAÑAR-CHIMBORAZO),"90",ZONA EN ESTUDIO: JUVAL (CAÑAR-CHIMBORAZO),"2026",3519.57910273304,1601,4629,89.9434879803859,9761764.31608627,100.799241642845
49,"080250",VALDEZ,"0802",ELOY ALFARO,"08",ESMERALDAS,"2026",447.061910991933,-51,3487,88.8142845556558,10108767.0203908,138.611516721622
50,"071150",PORTOVELO,"0711",PORTOVELO,"07",EL ORO,"2026",1696.13349897447,536,3734,89.9946729929523,9609485.76391947,110.273723200748
51,"130350",CHONE,"1303",CHONE,"13",MANABÍ,"2026",207.769184216596,-31,978,89.5789983169606,9967515.40240852,109.267221079762
52,"060450",CHAMBO,"0604",CHAMBO,"06",CHIMBORAZO,"2026",3556.39242344547,2505,4719,89.9796396103654,9836767.62348929,73.8755641605543
53,"190450",28 DE MAYO,"1904",YACUAMBI,"19",ZAMORA CHINCHIPE,"2026",2310.35008754156,863,3782,89.9905782243184,9628415.34407435,99.8978036865592
54,"092350",CORONEL MARCELINO MARIDUEÑA,"0923",CORONEL MARCELINO MARIDUEÑA,"09",GUAYAS,"2026",58.9174922791385,-24,292,89.3031834180655,9776065.18272553,121.069763036875
55,"230150",SANTO DOMINGO DE LOS COLORADOS,"2301",SANTO DOMINGO,"23",SANTO DOMINGO DE LOS TSÁCHILAS,"2026",665.643490363278,112,3033,89.9130549193208,9990872.83191004,167.939857322205
56,"011350",SEVILLA DE ORO,"0113",SEVILLA DE ORO,"01",AZUAY,"2026",2665.07415873819,766,3814,89.9758879372678,9734309.31835627,122.602492901706
57,"092450",LOMAS DE SARGENTILLO,"0924",LOMAS DE SARGENTILLO,"09",GUAYAS,"2026",17.4494536421653,-9,60,89.6661053974785,9813644.88395605,78.5964524118524
58,"110750",GONZANAMÁ,"1107",GONZANAMÁ,"11",LOJA,"2026",1749.74826180272,883,3093,89.9894326981839,9564073.32459269,85.2209214256739
59,"140950",TAISHA,"1409",TAISHA,"14",MORONA SANTIAGO,"2026",366.139852131772,192,1923,89.4902669785529,9767489.16619734,117.496501397761
60,"141150",PABLO SEXTO,"1411",PABLO SEXTO,"14",MORONA SANTIAGO,"2026",2634.14268446518,823,5277,89.8254412895633,9827267.26191338,109.031719380084
61,"180650",QUERO,"1806",QUERO,"18",TUNGURAHUA,"2026",3482.38036072369,2606,4410,89.9760712291481,9869846.0160773,68.7745035956888
62,"010750",SAN FERNANDO,"0107",SAN FERNANDO,"01",AZUAY,"2026",3105.00566562852,1567,4016,89.9894056188619,9678281.41981899,71.8876733539485
63,"120750",VENTANAS,"1207",VENTANAS,"12",LOS RÍOS,"2026",114.181233578548,-15,1148,89.6965129854576,9871676.64370657,141.711915226306
64,"070350",PACCHA,"0703",ATAHUALPA,"07",EL ORO,"2026",1414.69015368673,146,3571,89.9972208899317,9628580.85860859,103.351073087272
65,"080450",ROSA ZÁRATE,"0804",QUININDÉ,"08",ESMERALDAS,"2026",204.786160915899,-31,855,89.7042174009065,10061959.7679097,138.598478258912
66,"132050",JAMA,"1320",JAMA,"13",MANABÍ,"2026",197.772096085118,-9,911,89.3183629653386,9992780.25392198,69.1917662464033
67,"220350",LA JOYA DE LOS SACHAS,"2203",LA JOYA DE LOS SACHAS,"22",ORELLANA,"2026",292.530621463365,211,380,88.2241643508469,10014851.4060473,165.374281758168
68,"131050",PAJÁN,"1310",PAJÁN,"13",MANABÍ,"2026",295.476009358162,42,860,89.9629493235924,9831994.04064102,82.4141719215795
69,"050650",SAQUISILÍ,"0506",SAQUISILÍ,"05",COTOPAXI,"2026",3459.53162449257,1512,4285,89.9614453029324,9937050.2179572,70.7305507810097
70,"121150",VALENCIA,"1211",VALENCIA,"12",LOS RÍOS,"2026",269.5280689693,49,2180,89.7245885519844,9938126.29448109,155.951740057257
71,"131550",TOSAGUA,"1315",TOSAGUA,"13",MANABÍ,"2026",63.1601153939973,-54,330,87.5704650300084,9930804.25987372,78.045046273131
72,"020750",LAS NAVES,"0207",LAS NAVES,"02",BOLÍVAR,"2026",382.383479371341,34,1215,89.8403498615798,9881924.03061223,146.339578768102
73,"060750",GUANO,"0607",GUANO,"06",CHIMBORAZO,"2026",3411.79963722304,2242,6261,89.9690745854283,9858548.94342385,63.1342618509928
74,"210650",EL DORADO DE CASCALES,"2106",CASCALES,"21",SUCUMBÍOS,"2026",524.159360151541,305,2342,89.8897611131076,10058189.9202054,151.733560831428
75,"111350",ZAPOTILLO,"1113",ZAPOTILLO,"11",LOJA,"2026",396.994894514768,100,1069,89.9450385001377,9550462.73879321,69.8788878019691
76,"010550",PAUTE,"0105",PAUTE,"01",AZUAY,"2026",2758.13292736527,2037,3749,89.9805147694811,9724602.38601197,83.6689110508672
77,"110850",MACARÁ,"1108",MACARÁ,"11",LOJA,"2026",916.410610676429,218,2622,89.9879110690664,9541433.67900468,84.1472554084582
78,"011250",EL PAN,"0112",EL PAN,"01",AZUAY,"2026",3017.38068236032,2111,3792,89.9964867799809,9713252.28458385,89.2191432231181
79,"011050",SAN FELIPE DE OÑA,"0110",OÑA,"01",AZUAY,"2026",2701.96666361269,1149,3443,89.9827035304762,9640227.46609345,61.0653221838585
80,"091050",MILAGRO,"0910",MILAGRO,"09",GUAYAS,"2026",16.2696672501046,-8,53,89.4469974033455,9788111.4401298,106.184009047288
81,"170350",MACHACHI,"1703",MEJÍA,"17",PICHINCHA,"2026",3001.53415946134,793,5203,89.9743465548463,9975745.95153972,109.595386876969
82,"150750",BAEZA,"1507",QUIJOS,"15",NAPO,"2026",3088.5753993043,239,5698,89.867196384433,9983297.12238341,132.281267458094
83,"130750",JUNÍN,"1307",JUNÍN,"13",MANABÍ,"2026",216.647757649869,24,556,89.9602974947097,9913225.75403579,90.387016260568
84,"061050",CUMANDÁ,"0610",CUMANDÁ,"06",CHIMBORAZO,"2026",1055.92352429935,132,3244,89.9128507358033,9781172.40014967,106.585467338562
85,"190650",EL PANGUI,"1906",EL PANGUI,"19",ZAMORA CHINCHIPE,"2026",1279.23020460427,733,2366,89.9383026075302,9630277.89629216,115.129020705675
86,"060950",PENIPE,"0609",PENIPE,"06",CHIMBORAZO,"2026",3413.36968298324,2123,5185,89.9855726117884,9857792.97138632,87.1624882095739
87,"160450",ARAJUNO,"1604",ARAJUNO,"16",PASTAZA,"2026",322.316259409226,151,1136,89.8349519616495,9898545.0007973,137.394692395256
88,"130150",PORTOVIEJO,"1301",PORTOVIEJO,"13",MANABÍ,"2026",196.663649936263,0,662,89.9080020183698,9901060.09530161,72.5732404860862
89,"141350",SEVILLA DON BOSCO,"1413",SEVILLA DON BOSCO,"14",MORONA SANTIAGO,"2026",923.418312811869,188,2255,89.9381876284996,9762618.41356201,119.388008389094
90,"080550",SAN LORENZO,"0805",SAN LORENZO,"08",ESMERALDAS,"2026",490.454308492635,-51,3600,88.3053245501629,10139320.5210174,158.608683663794
91,"090550",COLIMES,"0905",COLIMES,"09",GUAYAS,"2026",50.3796784208192,-6,260,89.5481716594192,9849162.75554135,91.7180650912649
92,"210750",TARAPOA,"2107",CUYABENO,"21",SUCUMBÍOS,"2026",231.612763859829,158,330,88.9874108087032,10026346.759609,130.304634402631
93,"010150",CUENCA,"0101",CUENCA,"01",AZUAY,"2026",2865.26807684724,31,4534,89.868999222292,9707990.37319394,77.4117433249675
94,"120550",QUEVEDO,"1205",QUEVEDO,"12",LOS RÍOS,"2026",75.8388741673707,33,115,89.1463376795503,9908194.15253066,142.359147426766
95,"010350",GUALACEO,"0103",GUALACEO,"01",AZUAY,"2026",2900.84421218911,2200,3803,89.9720091280061,9706121.99165714,73.6532364293149
96,"080650",ATACAMES,"0806",ATACAMES,"08",ESMERALDAS,"2026",120.683646426718,-23,437,89.5034864360457,10106568.1565139,113.908479301764
97,"100250",ATUNTAQUI,"1002",ANTONIO ANTE,"10",IMBABURA,"2026",2425.50048206825,1757,4534,89.8265208777765,10069895.0157348,70.7394060854052
98,"140550",SANTIAGO DE MÉNDEZ,"1405",SANTIAGO,"14",MORONA SANTIAGO,"2026",1657.58533561603,305,3837,89.9919419689882,9729835.5847347,128.391746063369
99,"050350",EL CORAZÓN,"0503",PANGUA,"05",COTOPAXI,"2026",1196.22917310185,61,3944,89.9686390208883,9903494.51974194,151.831725431881
100,"070550",CHILLA,"0705",CHILLA,"07",EL ORO,"2026",1833.77130642036,245,3890,89.9970315993808,9641570.51103973,84.8704376077831
101,"050250",LA MANÁ,"0502",LA MANÁ,"05",COTOPAXI,"2026",901.145798318724,111,3212,89.9051939508587,9936361.30757719,158.219111454951
102,"030750",SUSCAL,"0307",SUSCAL,"03",CAÑAR,"2026",2466.37294534575,1226,3338,89.9979605406829,9753671.77627941,83.2739571658048
103,"010450",NABÓN,"0104",NABÓN,"01",AZUAY,"2026",2730.63558554567,1008,3752,89.9921580454628,9657846.7585899,63.8238514184024
104,"100450",OTAVALO,"1004",OTAVALO,"10",IMBABURA,"2026",2833.89255141815,966,4592,88.749808622666,10057107.0591523,91.1924801097726
105,"220450",LORETO,"2204",LORETO,"22",ORELLANA,"2026",595.255180715845,247,3787,89.8234003400672,9970015.31294359,178.353974936412
106,"090950",EL TRIUNFO,"0909",EL TRIUNFO,"09",GUAYAS,"2026",101.07307653871,-14,1310,89.1951801556354,9767666.35989245,112.81554058918
107,"111650",OLMEDO,"1116",OLMEDO,"11",LOJA,"2026",1563.77652612649,960,2362,89.9986242180037,9587195.35918917,93.4213446340253
108,"140250",GUALAQUIZA,"1402",GUALAQUIZA,"14",MORONA SANTIAGO,"2026",1932.39944828943,682,4133,89.9825212017345,9657255.70443032,103.81490038198
109,"150950",CARLOS JULIO AROSEMENA TOLA,"1509",CARLOS JULIO AROSEMENA TOLA,"15",NAPO,"2026",1088.72400782374,432,3102,89.957410973753,9906883.66201655,233.134509575076
110,"120450",PUEBLOVIEJO,"1204",PUEBLOVIEJO,"12",LOS RÍOS,"2026",16.3525680899591,-9,53,89.0560675375725,9851429.70220252,124.882983665041
111,"020250",CHILLANES,"0202",CHILLANES,"02",BOLÍVAR,"2026",1441.38862076392,33,3136,89.9802142192325,9802603.80873769,97.9108333902622
112,"180450",MOCHA,"1804",MOCHA,"18",TUNGURAHUA,"2026",3679.16225767254,2896,4969,89.9712242826526,9872240.56670844,67.7146240019462
113,"120950",PALENQUE,"1209",PALENQUE,"12",LOS RÍOS,"2026",33.1726910711189,2,76,89.1616286478139,9873524.36208662,112.884582288837
114,"120850",VINCES,"1208",VINCES,"12",LOS RÍOS,"2026",19.225059611415,-21,61,89.0876851323646,9852542.0753476,111.484476316778
115,"080750",RIOVERDE,"0807",RIOVERDE,"08",ESMERALDAS,"2026",146.752245405642,-46,553,89.9513111561548,10117443.0934264,117.638362455175
116,"200350",PUERTO AYORA,"2003",SANTA CRUZ,"20",GALÁPAGOS,"2026",168.0457620485,-15,909,89.3670596475899,9971315.02764254,
117,"132150",JARAMIJÓ,"1321",JARAMIJÓ,"13",MANABÍ,"2026",66.6449545342836,0,399,89.6107155002567,9907136.39823482,51.244926232558
118,"110350",CATAMAYO,"1103",CATAMAYO,"11",LOJA,"2026",1767.59132495094,655,3022,89.9863749171707,9583354.17199509,81.0224833262261
119,"180150",AMBATO,"1801",AMBATO,"18",TUNGURAHUA,"2026",3591.84685790877,2235,5567,89.963332307285,9887092.64350893,68.2755623992515
120,"140750",HUAMBOYA,"1407",HUAMBOYA,"14",MORONA SANTIAGO,"2026",1030.47075765446,593,2036,89.8818935804613,9816275.40505691,131.077225593524
121,"060150",RIOBAMBA,"0601",RIOBAMBA,"06",CHIMBORAZO,"2026",3487.04452958649,2380,6261,89.9557817365675,9839205.39029878,71.7916789238042
122,"020150",GUARANDA,"0201",GUARANDA,"02",BOLÍVAR,"2026",2568.84001057997,163,4757,89.991623825575,9869617.39362492,113.349168171898
123,"091450",PEDRO CARBO,"0914",PEDRO CARBO,"09",GUAYAS,"2026",150.022926211269,10,514,89.8876877653714,9812525.53248359,75.1292817636196
124,"030550",EL TAMBO,"0305",EL TAMBO,"03",CAÑAR,"2026",3315.71209088857,2304,4288,89.5288020891042,9751863.70735455,60.664633026123
125,"010850",SANTA ISABEL,"0108",SANTA ISABEL,"01",AZUAY,"2026",2189.6624648334,104,4157,89.9904806110373,9676030.26094944,70.2138830425142
126,"092250",SIMÓN BOLÍVAR,"0922",SIMÓN BOLÍVAR,"09",GUAYAS,"2026",36.0793500387193,0,119,89.4456369539694,9798099.72942017,103.859306773734
127,"110150",LOJA,"1101",LOJA,"11",LOJA,"2026",2405.90206539128,752,3781,89.9929689484773,9575760.49439936,83.2038239389466
128,"110250",CARIAMANGA,"1102",CALVAS,"11",LOJA,"2026",1630.53143127382,776,2688,89.9942840975777,9543026.29128092,89.7133836417363
129,"170750",SAN MIGUEL DE LOS BANCOS,"1707",SAN MIGUEL DE LOS BANCOS,"17",PICHINCHA,"2026",1171.29160496817,402,3581,89.9683247692724,10022665.7825559,154.311446085744
130,"180850",PÍLLARO,"1808",SANTIAGO DE PÍLLARO,"18",TUNGURAHUA,"2026",3483.66811631727,2215,4294,89.34060854714,9906403.6937889,81.2106329118614
131,"132250",SAN VICENTE,"1322",SAN VICENTE,"13",MANABÍ,"2026",146.882369233306,-13,453,87.3756264082719,9963615.67545057,68.7393986229135
132,"210550",LA BONITA,"2105",SUCUMBÍOS,"21",SUCUMBÍOS,"2026",2436.58528180374,568,4198,89.997130541444,10082670.6592937,115.507763456529
133,"020450",ECHEANDÍA,"0204",ECHEANDÍA,"02",BOLÍVAR,"2026",672.265090276082,108,1777,89.9587847231297,9863695.36236594,142.886308219565
134,"230250",LA CONCORDIA,"2302",LA CONCORDIA,"23",SANTO DOMINGO DE LOS TSÁCHILAS,"2026",221.056378440575,114,335,89.8682466770782,10017315.812558,193.203920833881
135,"111050",ALAMOR,"1110",PUYANGO,"11",LOJA,"2026",857.36425769925,182,2818,89.9944448038753,9579606.533183,100.595159070245
136,"092150",GENERAL VILLAMIL,"0921",PLAYAS,"09",GUAYAS,"2026",52.7197945340149,-13,387,87.1598549156228,9733550.92578235,56.8738992400982
137,"071050",PIÑAS,"0710",PIÑAS,"07",EL ORO,"2026",808.432649202807,97,2516,89.9783917601186,9611586.48924785,90.5069630425951
138,"070950",PASAJE,"0709",PASAJE,"07",EL ORO,"2026",435.923643784602,0,3262,89.7076159868715,9653273.7853352,74.8151179751834
139,"011150",CHORDELEG,"0111",CHORDELEG,"01",AZUAY,"2026",3007.38188417663,2229,3932,89.9812135683398,9698780.53440009,75.0546677982106
140,"060550",CHUNCHI,"0605",CHUNCHI,"06",CHIMBORAZO,"2026",2981.77894502265,1354,4494,89.9951758240238,9769352.80585671,66.7061317130311
141,"131650",SUCRE,"1316",24 DE MAYO,"13",MANABÍ,"2026",250.206200629236,63,609,89.9613174402001,9864173.2972192,87.4887225062799
142,"130250",CALCETA,"1302",BOLÍVAR,"13",MANABÍ,"2026",187.476885146343,6,588,89.3168722040108,9918175.83746219,107.185353856629
143,"111550",QUILANGA,"1115",QUILANGA,"11",LOJA,"2026",2032.11620187784,1127,3536,89.9954214957318,9543956.53219568,87.1861659401341
144,"080350",MUISNE,"0803",MUISNE,"08",ESMERALDAS,"2026",87.9768962772297,-21,573,86.1960897563327,10077573.0477181,134.830768233705
145,"020650",CALUMA,"0206",CALUMA,"02",BOLÍVAR,"2026",935.434850812472,97,3131,89.9735394889362,9846925.50829615,159.098809255681
146,"160250",MERA,"1602",MERA,"16",PASTAZA,"2026",1303.81394395568,711,3542,89.8964894881481,9878097.80141933,200.566868744252
147,ISLA,ISLA,ISLA,ISLA,ISLA,ISLA,"2026",43.6345142660115,-3,180,81.8349646216538,9937545.17467552,83.8647675514221
148,"060650",GUAMOTE,"0606",GUAMOTE,"06",CHIMBORAZO,"2026",3627.68492430204,2593,4592,89.864899135821,9804727.67487098,70.8879818749182
149,"020350",SAN JOSÉ DE CHIMBO,"0203",CHIMBO,"02",BOLÍVAR,"2026",1805.62258785437,154,3200,89.9922865418309,9840209.39919229,113.277975817339
150,"020550",SAN MIGUEL,"0205",SAN MIGUEL,"02",BOLÍVAR,"2026",2053.2383692385,215,4325,89.9966722631021,9826819.88024345,99.4277881455768
151,"060850",PALLATANGA,"0608",PALLATANGA,"06",CHIMBORAZO,"2026",2528.96288503682,753,4332,89.9965121367544,9804124.63373339,79.2602461530017
152,"070750",HUAQUILLAS,"0707",HUAQUILLAS,"07",EL ORO,"2026",6.97685563099617,-15,36,62.1998491676563,9635253.95642456,53.6646090157424
153,"071450",LA VICTORIA,"0714",LAS LAJAS,"07",EL ORO,"2026",515.237912969576,180,1261,89.9791649295696,9598517.29196443,84.3778893517666
154,"110450",CELICA,"1104",CELICA,"11",LOJA,"2026",1040.58815595035,231,2654,89.9931312590897,9558596.05683714,86.8365592152508
155,"120250",BABA,"1202",BABA,"12",LOS RÍOS,"2026",9.81976931562654,-22,42,88.3561418998903,9835460.51836708,119.055287152245
156,"160150",PUYO,"1601",PASTAZA,"16",PASTAZA,"2026",365.206665907442,152,1423,89.7655452925704,9836486.95821569,128.900581821378
157,"141250",SANTIAGO,"1412",TIWINTZA,"14",MORONA SANTIAGO,"2026",497.084701552016,187,1830,89.5571418659988,9708149.47802371,130.32867077675
158,"200150",PUERTO BAQUERIZO MORENO,"2001",SAN CRISTÓBAL,"20",GALÁPAGOS,"2026",138.69591237708,-14,720,89.6597939393276,9905368.34886527,
159,"040550",SAN GABRIEL,"0405",MONTÚFAR,"04",CARCHI,"2026",3086.1505945443,2195,4030,89.9636220368154,10098879.4408005,79.8200710470026
160,"100150",SAN MIGUEL DE IBARRA,"1001",IBARRA,"10",IMBABURA,"2026",2144.12288847543,483,4572,89.8123231303276,10090098.4903922,82.4579426102016
161,"030450",LA TRONCAL,"0304",LA TRONCAL,"03",CAÑAR,"2026",166.047174195947,1,1004,89.5485174379185,9754357.02628302,126.614117390401
162,"220150",EL COCA,"2201",FRANCISCO DE ORELLANA,"22",ORELLANA,"2026",292.286207753298,166,727,88.8834890367381,9974767.56050401,145.409187097697
163,"180950",TISALEO,"1809",TISALEO,"18",TUNGURAHUA,"2026",3476.53619422614,2915,4866,89.9784228098417,9877931.38910546,63.091475817622
164,"050150",LATACUNGA,"0501",LATACUNGA,"05",COTOPAXI,"2026",3488.15154760868,2656,5879,89.9363775116928,9942740.52674521,74.6909395948102
165,"140350",GRAL. LEONIDAS PLAZA GUTIÉRREZ,"1403",LIMÓN INDANZA,"14",MORONA SANTIAGO,"2026",1467.39913952678,277,4030,89.9955748717211,9696682.23709814,111.674400937693
166,"111250",SOZORANGA,"1112",SOZORANGA,"11",LOJA,"2026",1419.51142012644,553,2651,89.9963693693322,9547753.16840715,95.9727668206129
167,"121250",MOCACHE,"1212",MOCACHE,"12",LOS RÍOS,"2026",54.2819884012723,20,98,89.1705995182564,9890612.0535522,133.423660793595
168,"170550",SANGOLQUÍ,"1705",RUMIÑAHUI,"17",PICHINCHA,"2026",2955.89967632996,2439,4153,89.9591266117388,9986481.63023444,113.027126170971
169,"140150",MACAS,"1401",MORONA,"14",MORONA SANTIAGO,"2026",2109.60197018707,478,5294,89.888484643033,9791459.85053234,118.932492457198
170,"131950",PUERTO LÓPEZ,"1319",PUERTO LÓPEZ,"13",MANABÍ,"2026",232.144977625546,-17,865,89.8605149766873,9841332.17491958,57.385631212507
171,"160350",SANTA CLARA,"1603",SANTA CLARA,"16",PASTAZA,"2026",826.748486397352,439,1141,89.9568516518578,9895513.39644358,216.930732788086
172,"190150",ZAMORA,"1901",ZAMORA,"19",ZAMORA CHINCHIPE,"2026",2023.02237026473,805,3667,89.9807849205581,9583641.8412952,112.916624080353
173,"011450",GUACHAPALA,"0114",GUACHAPALA,"01",AZUAY,"2026",2593.51814879906,2087,3381,89.9958900141479,9722611.73862376,85.2314982414246
174,"040650",HUACA,"0406",SAN PEDRO DE HUACA,"04",CARCHI,"2026",3173.64928402441,2734,4079,89.9892692773016,10105504.9333475,93.9866042598601
175,"010650",PUCARÁ,"0106",PUCARÁ,"01",AZUAY,"2026",2218.96662188541,163,3889,89.996466337863,9671066.55588727,75.3398805986627
176,"070250",ARENILLAS,"0702",ARENILLAS,"07",EL ORO,"2026",105.786424253511,-45,1276,86.8784427461045,9620600.80037283,59.9762878806613
177,"070150",MACHALA,"0701",MACHALA,"07",EL ORO,"2026",7.39982435820744,-45,38,78.284866114387,9653791.12585895,60.1710090138554
178,"070450",BALSAS,"0704",BALSAS,"07",EL ORO,"2026",777.048980041597,380,1441,89.9928153332491,9603946.9279349,86.6465222588901
179,"110550",CHAGUARPAMBA,"1105",CHAGUARPAMBA,"11",LOJA,"2026",1036.25514519056,419,2177,89.997309283691,9595852.80655842,104.213168484557
180,"131150",PICHINCHA,"1311",PICHINCHA,"13",MANABÍ,"2026",160.144888245801,5,693,88.3813220734102,9921834.26275124,118.456076272037
181,"131850",OLMEDO,"1318",OLMEDO,"13",MANABÍ,"2026",138.384581291159,40,392,89.9599879758641,9866896.10201703,104.541294911461
182,"060350",VILLA LA UNIÓN,"0603",COLTA,"06",CHIMBORAZO,"2026",3422.34571591497,1367,4356,89.9122860483119,9827388.08450308,80.7724834487824
183,"090350",BALAO,"0903",BALAO,"09",GUAYAS,"2026",51.7831759953339,-19,550,78.540630393811,9701376.09331126,78.3320632658297
184,"150150",TENA,"1501",TENA,"15",NAPO,"2026",1474.64313524902,260,4766,89.6023477601543,9928466.98738774,164.696217225867
185,"170850",PEDRO VICENTE MALDONADO,"1708",PEDRO VICENTE MALDONADO,"17",PICHINCHA,"2026",525.313110307692,201,929,89.9481418270969,10042221.2569038,176.531222328307
186,"141050",LOGROÑO,"1410",LOGROÑO,"14",MORONA SANTIAGO,"2026",1044.61526572806,247,2505,89.9828534696408,9728969.59060558,132.847194068469
187,"180250",BAÑOS,"1802",BAÑOS DE AGUA SANTA,"18",TUNGURAHUA,"2026",2629.83241989544,839,5357,89.9716025042665,9884833.01333335,151.106848344328
188,"091950",EL SALITRE,"0919",SALITRE,"09",GUAYAS,"2026",6.38150118845091,-49,45,87.4974789299874,9820698.51274118,99.3960347145981
189,"080150",ESMERALDAS,"0801",ESMERALDAS,"08",ESMERALDAS,"2026",199.848239023344,-71,638,89.1017711308309,10109274.3950683,96.6838443916796
190,"091150",NARANJAL,"0911",NARANJAL,"09",GUAYAS,"2026",114.189801045918,-26,1712,82.6554332493514,9737889.98451982,86.5709330980488
191,"111450",PINDAL,"1114",PINDAL,"11",LOJA,"2026",771.433633338021,327,1624,89.9924018158544,9566128.08396592,92.0061652572067
192,"120350",MONTALVO,"1203",MONTALVO,"12",LOS RÍOS,"2026",87.7807831483075,-15,1033,86.9393924202357,9824195.21864397,126.914629028743
193,"060250",ALAUSÍ,"0602",ALAUSÍ,"06",CHIMBORAZO,"2026",3115.84530342414,548,4601,89.4203168557658,9782420.35939744,64.2411285993788
194,"030650",DÉLEG,"0306",DÉLEG,"03",CAÑAR,"2026",2920.57237589018,2391,3786,89.9823471869166,9721664.57728192,70.1862305463371
195,"180550",PATATE,"1805",PATATE,"18",TUNGURAHUA,"2026",3132.43549901708,1834,4263,89.9942323823054,9889776.29251637,90.4233083764547
196,"010250",GIRÓN,"0102",GIRÓN,"01",AZUAY,"2026",2628.74898505132,1151,3868,89.9900044712196,9674089.28824568,69.6355282339378
197,"131250",ROCAFUERTE,"1312",ROCAFUERTE,"13",MANABÍ,"2026",107.982025419975,-1,523,89.8604086363088,9915796.84983041,59.3942853708183
198,"170150",QUITO,"1701",DISTRITO METROPOLITANO DE QUITO,"17",PICHINCHA,"2026",2585.07313686432,430,4818,89.9483775183963,10018548.7143274,104.87805178459
199,"091650",SAMBORONDÓN,"0916",SAMBORONDÓN,"09",GUAYAS,"2026",6.49164873365337,-57,296,82.5251362261377,9799975.06513227,91.7591259317159
200,"190350",GUAYZIMI,"1903",NANGARITZA,"19",ZAMORA CHINCHIPE,"2026",1556.55707495652,814,3119,89.9832803294609,9549002.76731074,103.664226811897
201,"121350",QUINSALOMA,"1213",QUINSALOMA,"12",LOS RÍOS,"2026",89.9587518735702,23,202,89.5730758108916,9897400.27438687,137.964364289231
202,"071250",SANTA ROSA,"0712",SANTA ROSA,"07",EL ORO,"2026",136.574357536877,-54,1556,78.7593019541672,9638612.21350999,67.7019882621923
203,"092050",SAN JACINTO DE YAGUACHI,"0920",SAN JACINTO DE YAGUACHI,"09",GUAYAS,"2026",8.25826363499775,-26,48,88.6950046827055,9783720.2291491,96.0299014648719
204,"110950",CATACOCHA,"1109",PALTAS,"11",LOJA,"2026",1418.68864612007,322,3084,89.9951735108563,9577568.23839456,89.7554610684767
205,"240150",SANTA ELENA,"2401",SANTA ELENA,"24",SANTA ELENA,"2026",123.170723960845,-20,846,89.2660996038977,9779206.58597469,56.0760710219841
206,"170450",TABACUNDO,"1704",PEDRO MONCAYO,"17",PICHINCHA,"2026",2932.84837129756,1768,4244,89.6688775247494,10038007.230577,68.2661334505948
207,"120650",CATARAMA,"1206",URDANETA,"12",LOS RÍOS,"2026",161.650455087131,-12,1530,89.0164740168315,9850130.45469269,136.581986138128
208,"100550",PIMAMPIRO,"1005",PIMAMPIRO,"10",IMBABURA,"2026",3074.04308328194,1643,3992,89.5739326887739,10067075.7884533,78.4022045135498
209,"210450",SHUSHUFINDI,"2104",SHUSHUFINDI,"21",SUCUMBÍOS,"2026",254.385005131887,172,331,88.0956470810952,10016238.0577977,140.377955920386
210,"130950",MONTECRISTI,"1309",MONTECRISTI,"13",MANABÍ,"2026",166.404663426531,0,666,89.6728565511244,9890688.63218547,46.8106622896696
211,"050550",SAN MIGUEL,"0505",SALCEDO,"05",COTOPAXI,"2026",3424.85678376158,2496,4545,89.9215781288133,9912620.34259573,69.653864270402
212,"180350",CEVALLOS,"1803",CEVALLOS,"18",TUNGURAHUA,"2026",2878.66315736195,2642,3071,89.9017179183778,9880287.86234965,49.2361694335938
213,"190750",ZUMBI,"1907",CENTINELA DEL CÓNDOR,"19",ZAMORA CHINCHIPE,"2026",1257.37813251695,788,2240,89.9744708992926,9594002.02090422,137.071089842609
214,"120150",BABAHOYO,"1201",BABAHOYO,"12",LOS RÍOS,"2026",32.219721315747,-33,826,88.1631682207021,9820189.05381367,120.873871586241
215,"050450",PUJILÍ,"0504",PUJILÍ,"05",COTOPAXI,"2026",3176.53461014444,250,4566,89.9750569979297,9917057.01444599,96.3527635595455
216,"140850",SAN JUAN BOSCO,"1408",SAN JUAN BOSCO,"14",MORONA SANTIAGO,"2026",1614.35407323274,565,4129,89.9935525042771,9672665.49909546,111.555034924205
217,"131350",SANTA ANA DE VUELTA LARGA,"1313",SANTA ANA,"13",MANABÍ,"2026",201.275512342121,36,721,89.7062899144602,9885369.27840624,92.0692981252303
218,"091350",PALESTINA,"0913",PALESTINA,"09",GUAYAS,"2026",15.1629359628983,-16,42,89.3411419451967,9838884.92486515,84.5844379977176
219,"131450",BAHIA DE CARÁQUEZ,"1314",SUCRE,"13",MANABÍ,"2026",200.378654964753,-15,675,86.798827057012,9951424.45508728,66.0471083513448
220,"090850",VELASCO IBARRA,"0908",EL EMPALME,"09",GUAYAS,"2026",70.5133616869422,10,121,87.820532148379,9911991.00060776,122.284509564534
221,"040250",BOLÍVAR,"0402",BOLÍVAR,"04",CARCHI,"2026",2608.57233125442,1522,3932,89.9741155781395,10087776.4125826,61.6717173782821
222,"190950",PAQUISHA,"1909",PAQUISHA,"19",ZAMORA CHINCHIPE,"2026",1441.53926837435,797,2429,89.9614059023961,9594326.52528469,142.042090959446
223,"100350",COTACACHI,"1003",COTACACHI,"10",IMBABURA,"2026",2073.90490507531,124,4902,89.7496415353266,10068473.9678256,112.990427461045
224,"180750",PELILEO,"1807",SAN PEDRO DE PELILEO,"18",TUNGURAHUA,"2026",2731.56227886799,1882,5001,89.9678192186992,9879944.53988364,71.2796763908572
