DPA_PARROQ,Densidad Poblacional
010150,5.044
010151,87.0
010152,86.0
010153,5.0
010154,29.0
010155,61.0
010156,468.0
010157,7.0
010158,248.0
010159,120.0
010160,336.0
010161,63.0
010162,1.932
010163,53.0
010164,156.0
010165,37.0
010166,312.0
010167,573.0
010168,94.0
010169,537.0
010170,784.0
010171,34.0
010250,35.0
010251,50.0
010252,21.0
010350,531.0
010352,77.0
010353,87.0
010354,66.0
010356,45.0
010357,131.0
010358,73.0
010359,36.0
010360,61.0
010450,37.0
010451,27.0
010452,9.0
010453,11.0
010550,217.0
010552,49.0
010553,138.0
010554,148.0
010556,19.0
010559,166.0
010561,34.0
010562,48.0
010650,14.0
010652,25.0
010750,25.0
010751,33.0
010850,56.0
010851,68.0
010852,13.0
010853,7.0
010854,16.0
010950,74.0
010951,13.0
010952,12.0
010953,64.0
010954,43.0
010955,94.0
010956,48.0
011050,11.0
011051,13.0
011150,423.0
011151,38.0
011152,137.0
011153,42.0
011154,73.0
011250,61.0
011253,14.0
011350,31.0
011351,5.0
011352,24.0
011450,89.0
011550,107.0
020150,123.0
020151,16.0
020153,30.0
020155,13.0
020156,19.0
020157,52.0
020158,73.0
020159,32.0
020160,42.0
020250,33.0
020251,24.0
020350,410.0
020351,79.0
020353,59.0
020354,111.0
020355,18.0
020450,60.0
020550,150.0
020551,22.0
020552,21.0
020553,12.0
020554,68.0
020555,33.0
020556,37.0
020650,89.0
020750,47.0
030150,730.0
030151,190.0
030153,115.0
030154,280.0
030155,162.0
030156,16.0
030157,3.0
030158,135.0
030160,20.0
030250,206.0
030251,44.0
030252,392.0
030253,165.0
030254,28.0
030350,227.0
030351,15.0
030352,80.0
030353,20.0
030354,11.0
030355,77.0
030356,17.0
030357,26.0
030358,5.0
030361,20.0
030362,20.0
030363,37.0
030450,297.0
030451,78.0
030452,72.0
030550,147.0
030650,75.0
030651,105.0
030750,87.0
040150,473.0
040151,33.0
040153,114.0
040154,10.0
040155,38.0
040156,2.0
040157,15.0
040158,44.0
040159,10.0
040161,145.0
040250,59.0
040251,23.0
040252,43.0
040253,24.0
040254,53.0
040255,63.0
040350,62.0
040351,3.0
040352,25.0
040353,64.0
040450,67.0
040451,18.0
040452,7.0
040453,26.0
040550,141.0
040551,89.0
040552,16.0
040553,36.0
040554,30.0
040555,50.0
040650,149.0
040651,45.0
050150,472.0
050151,55.0
050152,192.0
050153,569.0
050154,134.0
050156,18.0
050157,311.0
050158,65.0
050159,107.0
050161,291.0
050162,52.0
050250,208.0
050251,16.0
050252,11.0
050350,34.0
050351,34.0
050352,21.0
050353,15.0
050450,144.0
050451,13.0
050453,33.0
050455,191.0
050456,9.0
050457,21.0
050458,33.0
050550,202.0
050551,472.0
050552,37.0
050553,176.0
050554,159.0
050555,251.0
050650,391.0
050651,138.0
050652,452.0
050653,30.0
050750,10.0
050751,24.0
050752,23.0
050753,14.0
050754,9.0
060150,3.049
060151,83.0
060152,120.0
060153,252.0
060154,61.0
060155,558.0
060156,113.0
060157,14.0
060158,91.0
060159,33.0
060160,29.0
060161,653.0
060250,194.0
060251,14.0
060253,39.0
060254,13.0
060255,18.0
060256,23.0
060257,28.0
060258,30.0
060259,24.0
060260,47.0
060350,65.0
060351,6.0
060352,55.0
060353,11.0
060354,57.0
060450,81.0
060550,54.0
060551,27.0
060552,25.0
060553,43.0
060554,20.0
060650,50.0
060651,11.0
060652,41.0
060750,243.0
060751,15.0
060752,35.0
060753,65.0
060754,80.0
060755,461.0
060756,58.0
060757,60.0
060758,50.0
060759,13.0
060850,31.0
060950,76.0
060951,17.0
060952,11.0
060953,7.0
060954,283.0
060955,4.0
060956,10.0
061050,104.0
070150,1.228
070152,36.0
070250,92.0
070251,20.0
070254,16.0
070255,11.0
070256,16.0
070350,51.0
070351,14.0
070352,32.0
070353,154.0
070354,192.0
070355,3.0
070450,112.0
070451,124.0
070550,7.0
070650,150.0
070651,107.0
070652,320.0
070653,51.0
070654,44.0
070750,571.0
070850,51.0
070851,14.0
070950,465.0
070951,188.0
070952,47.0
070953,248.0
070954,33.0
070955,30.0
070956,80.0
071050,171.0
071051,13.0
071052,22.0
071053,15.0
071054,13.0
071055,25.0
071056,24.0
071150,312.0
071151,31.0
071152,9.0
071153,6.0
071250,434.0
071251,97.0
071252,4.0
071253,37.0
071254,64.0
071255,33.0
071256,33.0
071257,25.0
071350,678.0
071351,18.0
071352,68.0
071353,12.0
071354,12.0
071355,49.0
071356,94.0
071357,111.0
071358,35.0
071359,8.0
071450,30.0
071451,10.0
071452,11.0
071453,24.0
080150,2.422
080152,24.0
080153,10.0
080154,23.0
080159,27.0
080163,44.0
080165,20.0
080166,88.0
080168,115.0
080250,60.0
080251,14.0
080252,6.0
080253,45.0
080254,17.0
080255,1.0
080256,36.0
080257,12.0
080258,10.0
080259,5.0
080260,30.0
080261,4.0
080262,31.0
080263,12.0
080264,53.0
080265,24.0
080350,62.0
080351,51.0
080352,26.0
080353,25.0
080354,19.0
080355,27.0
080356,26.0
080357,17.0
080358,37.0
080450,55.0
080451,12.0
080452,18.0
080453,20.0
080454,62.0
080455,52.0
080550,131.0
080551,2.0
080552,24.0
080553,37.0
080554,16.0
080555,1.0
080556,9.0
080557,3.0
080558,17.0
080559,20.0
080560,6.0
080561,8.0
080562,5.0
080650,210.0
080651,29.0
080652,61.0
080653,60.0
080654,160.0
080750,97.0
080751,19.0
080752,8.0
080753,27.0
080754,17.0
080755,40.0
090150,1.507
090152,44.0
090153,20.0
090156,458.0
090157,8.0
090158,85.0
090250,112.0
090350,58.0
090450,49.0
090550,37.0
090551,28.0
090650,801.0
090652,126.0
090653,284.0
090654,194.0
090656,80.0
090750,889.0
090850,344.0
090851,52.0
090852,73.0
090950,108.0
091050,776.0
091051,96.0
091053,110.0
091054,156.0
091150,86.0
091151,62.0
091152,91.0
091153,47.0
091154,12.0
091250,191.0
091350,97.0
091450,74.0
091451,57.0
091452,25.0
091650,327.0
091651,179.0
091850,120.0
091950,231.0
091951,124.0
091952,90.0
091953,134.0
092050,119.0
092053,90.0
092055,122.0
092056,351.0
092150,218.0
092250,124.0
092251,82.0
092350,52.0
092450,310.0
092550,177.0
092750,83.0
092850,29.0
100150,691.0
100151,49.0
100152,30.0
,12.0
100154,248.0
100155,17.0
100156,31.0
100157,738.0
100250,1.253
100251,139.0
100252,752.0
100253,227.0
100254,668.0
100350,325.0
100351,10.0
100352,13.0
100353,24.0
100354,15.0
100355,4.0
100356,181.0
100357,9.0
100358,11.0
100450,700.0
100451,682.0
100452,315.0
100453,148.0
100454,22.0
100455,51.0
100456,454.0
100457,175.0
100458,290.0
100459,15.0
100550,109.0
100551,21.0
100552,10.0
100553,6.0
100650,109.0
100651,15.0
100652,5.0
100653,43.0
100654,48.0
100655,45.0
110150,752.0
110151,43.0
110152,29.0
110153,15.0
110154,21.0
110155,10.0
110156,42.0
110157,30.0
110158,19.0
110159,10.0
110160,40.0
110161,35.0
110162,5.0
110163,10.0
110250,56.0
110251,7.0
110252,28.0
110253,9.0
110254,14.0
110350,191.0
110351,22.0
110352,3.0
110353,13.0
110354,9.0
110450,28.0
110451,43.0
110455,40.0
110456,18.0
110457,20.0
110550,34.0
110551,27.0
110552,4.0
110553,22.0
110554,28.0
110650,34.0
110651,28.0
110652,21.0
110653,19.0
110654,45.0
110655,23.0
110656,29.0
110750,40.0
110751,23.0
110753,14.0
110754,10.0
110756,15.0
110850,41.0
110851,11.0
110852,20.0
110853,14.0
110950,27.0
110951,21.0
110952,9.0
110954,17.0
110956,9.0
110957,31.0
110958,33.0
110959,56.0
111050,37.0
111051,17.0
111052,42.0
111053,12.0
111054,47.0
111055,19.0
111150,128.0
111151,41.0
111152,10.0
111153,21.0
111154,12.0
111155,14.0
111156,21.0
111157,8.0
111158,34.0
111159,34.0
111160,17.0
111250,12.0
111251,16.0
111252,32.0
111350,30.0
111351,5.0
111352,10.0
111353,7.0
111354,15.0
111355,9.0
111356,4.0
111450,89.0
111451,58.0
111452,48.0
111453,32.0
111550,28.0
111551,8.0
111552,10.0
111650,60.0
111651,9.0
120150,662.0
120152,57.0
120153,55.0
120154,101.0
120155,75.0
120250,126.0
120251,58.0
120252,91.0
120350,87.0
120351,44.0
120450,100.0
120451,64.0
120452,203.0
120550,732.0
120553,144.0
120555,174.0
120650,193.0
120651,70.0
120750,320.0
120752,75.0
120753,51.0
120754,52.0
120850,111.0
120851,126.0
120950,44.0
121050,144.0
121051,89.0
121150,53.0
121250,74.0
121350,67.0
130150,608.0
130151,139.0
130152,152.0
130153,274.0
130154,113.0
130155,187.0
130156,59.0
130157,45.0
130250,114.0
130251,29.0
130252,36.0
130350,95.0
130351,19.0
130352,54.0
130353,21.0
130354,11.0
130355,20.0
130356,20.0
130357,45.0
130450,111.0
130451,13.0
130452,38.0
130453,40.0
130454,71.0
130550,20.0
130551,10.0
130552,35.0
130650,142.0
130651,38.0
130652,60.0
130653,6.0
130654,37.0
130656,12.0
130657,15.0
130658,24.0
130750,84.0
130850,2.903
130851,34.0
130852,101.0
130950,162.0
130952,29.0
131050,101.0
131051,37.0
131052,19.0
131053,42.0
131054,38.0
131150,35.0
131151,19.0
131152,33.0
131250,153.0
131350,84.0
131351,76.0
131352,36.0
131353,30.0
131355,27.0
131450,162.0
131453,94.0
131457,44.0
131550,126.0
131551,76.0
131552,95.0
131650,77.0
131651,48.0
131652,47.0
131653,41.0
131750,62.0
131751,21.0
131752,27.0
131753,15.0
131850,39.0
131950,66.0
131951,46.0
131952,67.0
132050,29.0
132150,308.0
132250,50.0
132251,21.0
140150,459.0
140151,1.0
140153,67.0
140156,9.0
,8.0
140158,3.0
140160,0.0
140162,8.0
140164,14.0
140250,34.0
140251,1.0
140252,2.0
140253,10.0
140254,3.0
140255,4.0
140256,12.0
140257,0.0
140258,7.0
140350,16.0
140351,16.0
140353,2.0
140356,3.0
140357,3.0
140358,4.0
140450,56.0
140451,5.0
140452,0.0
140454,12.0
140455,15.0
140550,12.0
140551,1.0
140552,7.0
140553,7.0
140554,10.0
140556,17.0
140557,9.0
140650,23.0
140651,12.0
140652,15.0
140655,24.0
140750,22.0
140751,14.0
140850,20.0
140851,1.0
140852,1.0
140853,5.0
140854,5.0
140950,6.0
140951,2.0
140952,6.0
140953,5.0
140954,3.0
141050,47.0
141051,3.0
141052,10.0
141150,2.0
141250,8.0
141251,7.0
150150,486.0
150151,17.0
150153,9.0
150154,3.0
150155,15.0
150156,32.0
150157,4.0
150158,45.0
150350,16.0
150352,4.0
150354,37.0
150356,7.0
150450,98.0
150451,0.0
150452,1.0
150453,1.0
150454,5.0
150455,5.0
150750,14.0
150751,1.0
150752,2.0
150753,2.0
150754,28.0
150756,0.0
150950,9.0
160150,430.0
160152,6.0
160154,15.0
160155,23.0
160156,1.0
160157,5.0
160158,0.0
160159,0.0
160161,1.0
160162,7.0
160163,153.0
160164,11.0
160165,14.0
160166,6.0
160250,5.0
160251,27.0
160252,391.0
160350,15.0
160351,13.0
160450,9.0
160451,0.0
170150,4.878
170151,1.18
170152,767.0
170153,21.0
170154,26.0
170155,3.211
170156,2.859
170157,1.996
170158,50.0
170159,131.0
170160,243.0
170161,14.0
170162,426.0
170163,371.0
170164,362.0
170165,2.002
170166,4.0
170168,12.0
170169,22.0
170170,1.247
170171,14.0
170172,11.0
170174,72.0
170175,91.0
170176,48.0
170177,1.556
170178,71.0
170179,560.0
170180,448.0
170181,19.0
170183,152.0
170184,1.207
170185,364.0
170186,814.0
170250,193.0
170251,227.0
170252,54.0
170253,16.0
170254,130.0
170255,275.0
170256,110.0
170350,84.0
170351,49.0
170352,191.0
170353,783.0
170354,10.0
170355,7.0
170356,197.0
170357,294.0
170450,297.0
170451,124.0
170452,73.0
170453,21.0
170454,145.0
170550,1.795
170551,122.0
170552,16.0
170750,18.0
170751,11.0
170850,25.0
170950,36.0
180150,4.006
180151,413.0
180152,1.503
180153,276.0
180154,200.0
180155,1.115
180156,754.0
180157,207.0
180158,593.0
180159,88.0
180160,650.0
180161,27.0
180162,88.0
180163,925.0
180164,19.0
180165,710.0
180166,1.263
180167,276.0
180168,398.0
180250,190.0
180251,39.0
180252,2.0
180253,5.0
180254,30.0
180350,556.0
180450,73.0
180451,244.0
180550,110.0
180551,10.0
180552,85.0
180553,42.0
180650,153.0
180651,85.0
180652,42.0
180750,487.0
180751,508.0
180752,271.0
180753,49.0
180754,178.0
180755,230.0
180756,500.0
180757,329.0
180758,503.0
180850,324.0
180851,9.0
180852,92.0
180853,18.0
180854,260.0
180855,230.0
180856,11.0
180857,233.0
180950,262.0
180951,109.0
190150,45.0
190151,24.0
190152,14.0
190153,3.0
190155,2.0
190156,6.0
190158,13.0
190250,19.0
190251,5.0
190252,11.0
190254,13.0
190256,4.0
190259,1.0
190350,27.0
190351,2.0
190352,1.0
190353,7.0
190450,7.0
190451,7.0
190452,2.0
190550,60.0
190551,11.0
190553,9.0
190650,54.0
190651,17.0
190652,13.0
190653,4.0
190750,31.0
190752,20.0
190753,38.0
190850,9.0
190851,3.0
190852,6.0
190853,2.0
190854,2.0
190950,14.0
190951,8.0
190952,18.0
200150,2.48
200151,2.0
200152,1.0
200250,1.755
200251,0.0
200350,4.407
200351,3.0
200352,1.0
210150,303.0
210152,13.0
210153,13.0
210155,16.0
210156,10.0
210157,8.0
210158,36.0
210160,12.0
210250,17.0
210251,1.0
210252,15.0
210254,2.0
210350,3.0
210351,2.0
210352,0.0
210353,1.0
210354,3.0
210355,5.0
210450,63.0
210451,13.0
210452,1.0
210453,7.0
210454,49.0
210455,36.0
210550,7.0
210551,4.0
210552,0.0
210553,1.0
210554,7.0
210650,5.0
210651,10.0
210652,26.0
210653,11.0
210750,6.0
210751,0.0
210752,3.0
220150,399.0
220151,6.0
220152,8.0
220153,2.0
220154,24.0
220155,1.0
220156,11.0
220157,2.0
220158,8.0
220159,11.0
220160,7.0
220161,8.0
220250,2.0
220251,1.0
220252,0.0
220253,1.0
220255,0.0
220350,136.0
220351,42.0
220352,17.0
220353,32.0
220354,19.0
220355,30.0
220356,29.0
220357,32.0
220358,25.0
220450,81.0
220451,18.0
220452,21.0
220453,4.0
220454,11.0
220455,6.0
230150,348.0
230151,13.0
230152,48.0
230153,37.0
230154,67.0
230155,32.0
230156,21.0
230157,20.0
230250,459.0
230251,72.0
230252,77.0
230253,28.0
240150,135.0
240151,52.0
240152,35.0
240153,27.0
240154,88.0
240155,8.0
240156,120.0
240250,4.44
240350,2.049
240351,1.005
240352,1.027
