;Provincia;Cantón;Parroquia;Densidad Poblacional;;;;;;;;;;;;;;;;;;;;;;;;;;;;;;
;AZUAY;CUENCA;CUENCA;5.044;;;;;;;;;;;;;;;;;;;;;;;;;;;;;;
;AZUAY;CUENCA;BAÑOS;87;;;;;;;;;;;;;;;;;;;;;;;;;;;;;;
;AZUAY;CUENCA;CUMBE;86;;;;;;;;;;;;;;;;;;;;;;;;;;;;;;
;AZUAY;CUENCA;CHAUCHA;5;;;;;;;;;;;;;;;;;;;;;;;;;;;;;;
;AZUAY;CUENCA;CHECA;29;;;;;;;;;;;;;;;;;;;;;;;;;;;;;;
;AZUAY;CUENCA;CHIQUINTAD;61;;;;;;;;;;;;;;;;;;;;;;;;;;;;;;
;AZUAY;CUENCA;LLACAO;468;;;;;;;;;;;;;;;;;;;;;;;;;;;;;;
;AZUAY;CUENCA;MOLLETURO;7;;;;;;;;;;;;;;;;;;;;;;;;;;;;;;
;AZUAY;CUENCA;NULTI;248;;;;;;;;;;;;;;;;;;;;;;;;;;;;;;
;AZUAY;CUENCA;OCTAVIO CORDERO PALACIOS;120;;;;;;;;;;;;;;;;;;;;;;;;;;;;;;
;AZUAY;CUENCA;PACCHA;336;;;;;;;;;;;;;;;;;;;;;;;;;;;;;;
;AZUAY;CUENCA;QUINGEO;63;;;;;;;;;;;;;;;;;;;;;;;;;;;;;;
;AZUAY;CUENCA;RICAURTE;1.932;;;;;;;;;;;;;;;;;;;;;;;;;;;;;;
;AZUAY;CUENCA;SAN JOAQUÍN;53;;;;;;;;;;;;;;;;;;;;;;;;;;;;;;
;AZUAY;CUENCA;SANTA ANA;156;;;;;;;;;;;;;;;;;;;;;;;;;;;;;;
;AZUAY;CUENCA;SAYAUSÍ;37;;;;;;;;;;;;;;;;;;;;;;;;;;;;;;
;AZUAY;CUENCA;SIDCAY;312;;;;;;;;;;;;;;;;;;;;;;;;;;;;;;
;AZUAY;CUENCA;SININCAY;573;;;;;;;;;;;;;;;;;;;;;;;;;;;;;;
;AZUAY;CUENCA;TARQUI;94;;;;;;;;;;;;;;;;;;;;;;;;;;;;;;
;AZUAY;CUENCA;TURI;537;;;;;;;;;;;;;;;;;;;;;;;;;;;;;;
;AZUAY;CUENCA;VALLE;784;;;;;;;;;;;;;;;;;;;;;;;;;;;;;;
;AZUAY;CUENCA;VICTORIA DEL PORTETE;34;;;;;;;;;;;;;;;;;;;;;;;;;;;;;;
;AZUAY;GIRÓN;GIRÓN;35;;;;;;;;;;;;;;;;;;;;;;;;;;;;;;
;AZUAY;GIRÓN;LA ASUNCIÓN;50;;;;;;;;;;;;;;;;;;;;;;;;;;;;;;
;AZUAY;GIRÓN;SAN GERARDO;21;;;;;;;;;;;;;;;;;;;;;;;;;;;;;;
;AZUAY;GUALACEO;GUALACEO;531;;;;;;;;;;;;;;;;;;;;;;;;;;;;;;
;AZUAY;GUALACEO;DANIEL CÓRDOVA TORAL;77;;;;;;;;;;;;;;;;;;;;;;;;;;;;;;
;AZUAY;GUALACEO;JADÁN;87;;;;;;;;;;;;;;;;;;;;;;;;;;;;;;
;AZUAY;GUALACEO;MARIANO MORENO;66;;;;;;;;;;;;;;;;;;;;;;;;;;;;;;
;AZUAY;GUALACEO;REMIGIO CRESPO TORAL;45;;;;;;;;;;;;;;;;;;;;;;;;;;;;;;
;AZUAY;GUALACEO;SAN JUAN;131;;;;;;;;;;;;;;;;;;;;;;;;;;;;;;
;AZUAY;GUALACEO;ZHIDMAD;73;;;;;;;;;;;;;;;;;;;;;;;;;;;;;;
;AZUAY;GUALACEO;LUIS CORDERO VEGA;36;;;;;;;;;;;;;;;;;;;;;;;;;;;;;;
;AZUAY;GUALACEO;SIMÓN BOLÍVAR;61;;;;;;;;;;;;;;;;;;;;;;;;;;;;;;
;AZUAY;NABÓN;NABÓN;37;;;;;;;;;;;;;;;;;;;;;;;;;;;;;;
;AZUAY;NABÓN;COCHAPATA;27;;;;;;;;;;;;;;;;;;;;;;;;;;;;;;
;AZUAY;NABÓN;EL PROGRESO;9;;;;;;;;;;;;;;;;;;;;;;;;;;;;;;
;AZUAY;NABÓN;LAS NIEVES;11;;;;;;;;;;;;;;;;;;;;;;;;;;;;;;
;AZUAY;PAUTE;PAUTE;217;;;;;;;;;;;;;;;;;;;;;;;;;;;;;;
;AZUAY;PAUTE;BULÁN;49;;;;;;;;;;;;;;;;;;;;;;;;;;;;;;
;AZUAY;PAUTE;CHICÁN;138;;;;;;;;;;;;;;;;;;;;;;;;;;;;;;
;AZUAY;PAUTE;EL CABO;148;;;;;;;;;;;;;;;;;;;;;;;;;;;;;;
;AZUAY;PAUTE;GUARAINAG;19;;;;;;;;;;;;;;;;;;;;;;;;;;;;;;
;AZUAY;PAUTE;SAN CRISTÓBAL;166;;;;;;;;;;;;;;;;;;;;;;;;;;;;;;
;AZUAY;PAUTE;TOMEBAMBA;34;;;;;;;;;;;;;;;;;;;;;;;;;;;;;;
;AZUAY;PAUTE;DUG DUG;48;;;;;;;;;;;;;;;;;;;;;;;;;;;;;;
;AZUAY;PUCARÁ;PUCARÁ;14;;;;;;;;;;;;;;;;;;;;;;;;;;;;;;
;AZUAY;PUCARÁ;SAN RAFAEL DE SHARUG;25;;;;;;;;;;;;;;;;;;;;;;;;;;;;;;
;AZUAY;SAN FERNANDO;SAN FERNANDO;25;;;;;;;;;;;;;;;;;;;;;;;;;;;;;;
;AZUAY;SAN FERNANDO;CHUMBLÍN;33;;;;;;;;;;;;;;;;;;;;;;;;;;;;;;
;AZUAY;SANTA ISABEL;SANTA ISABEL;56;;;;;;;;;;;;;;;;;;;;;;;;;;;;;;
;AZUAY;SANTA ISABEL;ABDÓN CALDERÓN;68;;;;;;;;;;;;;;;;;;;;;;;;;;;;;;
;AZUAY;SANTA ISABEL;EL CARMEN DE PIJILÍ;13;;;;;;;;;;;;;;;;;;;;;;;;;;;;;;
;AZUAY;SANTA ISABEL;SHAGLLI;7;;;;;;;;;;;;;;;;;;;;;;;;;;;;;;
;AZUAY;SANTA ISABEL;SAN SALVADOR DE CAÑARIBAMBA;16;;;;;;;;;;;;;;;;;;;;;;;;;;;;;;
;AZUAY;SÍGSIG;SÍGSIG;74;;;;;;;;;;;;;;;;;;;;;;;;;;;;;;
;AZUAY;SÍGSIG;CUCHIL;13;;;;;;;;;;;;;;;;;;;;;;;;;;;;;;
;AZUAY;SÍGSIG;JIMA;12;;;;;;;;;;;;;;;;;;;;;;;;;;;;;;
;AZUAY;SÍGSIG;GÜEL;64;;;;;;;;;;;;;;;;;;;;;;;;;;;;;;
;AZUAY;SÍGSIG;LUDO;43;;;;;;;;;;;;;;;;;;;;;;;;;;;;;;
;AZUAY;SÍGSIG;SAN BARTOLOMÉ;94;;;;;;;;;;;;;;;;;;;;;;;;;;;;;;
;AZUAY;SÍGSIG;SAN JOSÉ DE RARANGA;48;;;;;;;;;;;;;;;;;;;;;;;;;;;;;;
;AZUAY;OÑA;SAN FELIPE DE OÑA;11;;;;;;;;;;;;;;;;;;;;;;;;;;;;;;
;AZUAY;OÑA;SUSUDEL;13;;;;;;;;;;;;;;;;;;;;;;;;;;;;;;
;AZUAY;CHORDELEG;CHORDELEG;423;;;;;;;;;;;;;;;;;;;;;;;;;;;;;;
;AZUAY;CHORDELEG;PRINCIPAL;38;;;;;;;;;;;;;;;;;;;;;;;;;;;;;;
;AZUAY;CHORDELEG;LA UNIÓN;137;;;;;;;;;;;;;;;;;;;;;;;;;;;;;;
;AZUAY;CHORDELEG;LUIS GALARZA ORELLANA;42;;;;;;;;;;;;;;;;;;;;;;;;;;;;;;
;AZUAY;CHORDELEG;SAN MARTÍN DE PUZHIO;73;;;;;;;;;;;;;;;;;;;;;;;;;;;;;;
;AZUAY;EL PAN;EL PAN;61;;;;;;;;;;;;;;;;;;;;;;;;;;;;;;
;AZUAY;EL PAN;SAN VICENTE;14;;;;;;;;;;;;;;;;;;;;;;;;;;;;;;
;AZUAY;SEVILLA DE ORO;SEVILLA DE ORO;31;;;;;;;;;;;;;;;;;;;;;;;;;;;;;;
;AZUAY;SEVILLA DE ORO;AMALUZA;5;;;;;;;;;;;;;;;;;;;;;;;;;;;;;;
;AZUAY;SEVILLA DE ORO;PALMAS;24;;;;;;;;;;;;;;;;;;;;;;;;;;;;;;
;AZUAY;GUACHAPALA;GUACHAPALA;89;;;;;;;;;;;;;;;;;;;;;;;;;;;;;;
;AZUAY;CAMILO PONCE ENRÍQUEZ;CAMILO PONCE ENRÍQUEZ;107;;;;;;;;;;;;;;;;;;;;;;;;;;;;;;
;BOLÍVAR;GUARANDA;GUARANDA;123;;;;;;;;;;;;;;;;;;;;;;;;;;;;;;
;BOLÍVAR;GUARANDA;FACUNDO VELA;16;;;;;;;;;;;;;;;;;;;;;;;;;;;;;;
;BOLÍVAR;GUARANDA;JULIO E. MORENO;30;;;;;;;;;;;;;;;;;;;;;;;;;;;;;;
;BOLÍVAR;GUARANDA;SALINAS;13;;;;;;;;;;;;;;;;;;;;;;;;;;;;;;
;BOLÍVAR;GUARANDA;SAN LORENZO;19;;;;;;;;;;;;;;;;;;;;;;;;;;;;;;
;BOLÍVAR;GUARANDA;SAN SIMÓN;52;;;;;;;;;;;;;;;;;;;;;;;;;;;;;;
;BOLÍVAR;GUARANDA;SANTA FE;73;;;;;;;;;;;;;;;;;;;;;;;;;;;;;;
;BOLÍVAR;GUARANDA;SIMIÁTUG;32;;;;;;;;;;;;;;;;;;;;;;;;;;;;;;
;BOLÍVAR;GUARANDA;SAN LUIS DE PAMBIL;42;;;;;;;;;;;;;;;;;;;;;;;;;;;;;;
;BOLÍVAR;CHILLANES;CHILLANES;33;;;;;;;;;;;;;;;;;;;;;;;;;;;;;;
;BOLÍVAR;CHILLANES;SAN JOSÉ DEL TAMBO;24;;;;;;;;;;;;;;;;;;;;;;;;;;;;;;
;BOLÍVAR;CHIMBO;SAN JOSÉ DE CHIMBO;410;;;;;;;;;;;;;;;;;;;;;;;;;;;;;;
;BOLÍVAR;CHIMBO;ASUNCIÓN;79;;;;;;;;;;;;;;;;;;;;;;;;;;;;;;
;BOLÍVAR;CHIMBO;LA MAGDALENA;59;;;;;;;;;;;;;;;;;;;;;;;;;;;;;;
;BOLÍVAR;CHIMBO;SAN SEBASTIÁN;111;;;;;;;;;;;;;;;;;;;;;;;;;;;;;;
;BOLÍVAR;CHIMBO;TELIMBELA;18;;;;;;;;;;;;;;;;;;;;;;;;;;;;;;
;BOLÍVAR;ECHEANDÍA;ECHEANDÍA;60;;;;;;;;;;;;;;;;;;;;;;;;;;;;;;
;BOLÍVAR;SAN MIGUEL;SAN MIGUEL;150;;;;;;;;;;;;;;;;;;;;;;;;;;;;;;
;BOLÍVAR;SAN MIGUEL;BALSAPAMBA;22;;;;;;;;;;;;;;;;;;;;;;;;;;;;;;
;BOLÍVAR;SAN MIGUEL;BILOVÁN;21;;;;;;;;;;;;;;;;;;;;;;;;;;;;;;
;BOLÍVAR;SAN MIGUEL;RÉGULO DE MORA;12;;;;;;;;;;;;;;;;;;;;;;;;;;;;;;
;BOLÍVAR;SAN MIGUEL;SAN PABLO;68;;;;;;;;;;;;;;;;;;;;;;;;;;;;;;
;BOLÍVAR;SAN MIGUEL;SANTIAGO;33;;;;;;;;;;;;;;;;;;;;;;;;;;;;;;
;BOLÍVAR;SAN MIGUEL;SAN VICENTE;37;;;;;;;;;;;;;;;;;;;;;;;;;;;;;;
;BOLÍVAR;CALUMA;CALUMA;89;;;;;;;;;;;;;;;;;;;;;;;;;;;;;;
;BOLÍVAR;LAS NAVES;LAS NAVES;47;;;;;;;;;;;;;;;;;;;;;;;;;;;;;;
;CAÑAR;AZOGUES;AZOGUES;730;;;;;;;;;;;;;;;;;;;;;;;;;;;;;;
;CAÑAR;AZOGUES;COJITAMBO;190;;;;;;;;;;;;;;;;;;;;;;;;;;;;;;
;CAÑAR;AZOGUES;GUAPÁN;115;;;;;;;;;;;;;;;;;;;;;;;;;;;;;;
;CAÑAR;AZOGUES;JAVIER LOYOLA;280;;;;;;;;;;;;;;;;;;;;;;;;;;;;;;
;CAÑAR;AZOGUES;LUIS CORDERO;162;;;;;;;;;;;;;;;;;;;;;;;;;;;;;;
;CAÑAR;AZOGUES;PINDILIG;16;;;;;;;;;;;;;;;;;;;;;;;;;;;;;;
;CAÑAR;AZOGUES;RIVERA;3;;;;;;;;;;;;;;;;;;;;;;;;;;;;;;
;CAÑAR;AZOGUES;SAN MIGUEL;135;;;;;;;;;;;;;;;;;;;;;;;;;;;;;;
;CAÑAR;AZOGUES;TADAY;20;;;;;;;;;;;;;;;;;;;;;;;;;;;;;;
;CAÑAR;BIBLIÁN;BIBLIÁN;206;;;;;;;;;;;;;;;;;;;;;;;;;;;;;;
;CAÑAR;BIBLIÁN;NAZÓN;44;;;;;;;;;;;;;;;;;;;;;;;;;;;;;;
;CAÑAR;BIBLIÁN;SAN FRANCISCO DE SAGEO;392;;;;;;;;;;;;;;;;;;;;;;;;;;;;;;
;CAÑAR;BIBLIÁN;TURUPAMBA;165;;;;;;;;;;;;;;;;;;;;;;;;;;;;;;
;CAÑAR;BIBLIÁN;JERUSALÉN;28;;;;;;;;;;;;;;;;;;;;;;;;;;;;;;
;CAÑAR;CAÑAR;CAÑAR;227;;;;;;;;;;;;;;;;;;;;;;;;;;;;;;
;CAÑAR;CAÑAR;CHONTAMARCA;15;;;;;;;;;;;;;;;;;;;;;;;;;;;;;;
;CAÑAR;CAÑAR;CHOROCOPTE;80;;;;;;;;;;;;;;;;;;;;;;;;;;;;;;
;CAÑAR;CAÑAR;GENERAL MORALES;20;;;;;;;;;;;;;;;;;;;;;;;;;;;;;;
;CAÑAR;CAÑAR;GUALLETURO;11;;;;;;;;;;;;;;;;;;;;;;;;;;;;;;
;CAÑAR;CAÑAR;HONORATO VÁSQUEZ;77;;;;;;;;;;;;;;;;;;;;;;;;;;;;;;
;CAÑAR;CAÑAR;INGAPIRCA;17;;;;;;;;;;;;;;;;;;;;;;;;;;;;;;
;CAÑAR;CAÑAR;JUNCAL;26;;;;;;;;;;;;;;;;;;;;;;;;;;;;;;
;CAÑAR;CAÑAR;SAN ANTONIO;5;;;;;;;;;;;;;;;;;;;;;;;;;;;;;;
;CAÑAR;CAÑAR;ZHUD;20;;;;;;;;;;;;;;;;;;;;;;;;;;;;;;
;CAÑAR;CAÑAR;VENTURA;20;;;;;;;;;;;;;;;;;;;;;;;;;;;;;;
;CAÑAR;CAÑAR;DUCUR;37;;;;;;;;;;;;;;;;;;;;;;;;;;;;;;
;CAÑAR;LA TRONCAL;LA TRONCAL;297;;;;;;;;;;;;;;;;;;;;;;;;;;;;;;
;CAÑAR;LA TRONCAL;MANUEL J. CALLE;78;;;;;;;;;;;;;;;;;;;;;;;;;;;;;;
;CAÑAR;LA TRONCAL;PANCHO NEGRO;72;;;;;;;;;;;;;;;;;;;;;;;;;;;;;;
;CAÑAR;EL TAMBO;EL TAMBO;147;;;;;;;;;;;;;;;;;;;;;;;;;;;;;;
;CAÑAR;DÉLEG;DÉLEG;75;;;;;;;;;;;;;;;;;;;;;;;;;;;;;;
;CAÑAR;DÉLEG;SOLANO;105;;;;;;;;;;;;;;;;;;;;;;;;;;;;;;
;CAÑAR;SUSCAL;SUSCAL;87;;;;;;;;;;;;;;;;;;;;;;;;;;;;;;
;CARCHI;TULCÁN;TULCÁN;473;;;;;;;;;;;;;;;;;;;;;;;;;;;;;;
;CARCHI;TULCÁN;EL CARMELO;33;;;;;;;;;;;;;;;;;;;;;;;;;;;;;;
;CARCHI;TULCÁN;JULIO ANDRADE;114;;;;;;;;;;;;;;;;;;;;;;;;;;;;;;
;CARCHI;TULCÁN;MALDONADO;10;;;;;;;;;;;;;;;;;;;;;;;;;;;;;;
;CARCHI;TULCÁN;PIOTER;38;;;;;;;;;;;;;;;;;;;;;;;;;;;;;;
;CARCHI;TULCÁN;TOBAR DONOSO;2;;;;;;;;;;;;;;;;;;;;;;;;;;;;;;
;CARCHI;TULCÁN;TUFIÑO;15;;;;;;;;;;;;;;;;;;;;;;;;;;;;;;
;CARCHI;TULCÁN;URBINA;44;;;;;;;;;;;;;;;;;;;;;;;;;;;;;;
;CARCHI;TULCÁN;EL CHICAL;10;;;;;;;;;;;;;;;;;;;;;;;;;;;;;;
;CARCHI;TULCÁN;SANTA MARTHA DE CUBA;145;;;;;;;;;;;;;;;;;;;;;;;;;;;;;;
;CARCHI;BOLÍVAR;BOLÍVAR;59;;;;;;;;;;;;;;;;;;;;;;;;;;;;;;
;CARCHI;BOLÍVAR;GARCÍA MORENO;23;;;;;;;;;;;;;;;;;;;;;;;;;;;;;;
;CARCHI;BOLÍVAR;LOS ANDES;43;;;;;;;;;;;;;;;;;;;;;;;;;;;;;;
;CARCHI;BOLÍVAR;MONTE OLIVO;24;;;;;;;;;;;;;;;;;;;;;;;;;;;;;;
;CARCHI;BOLÍVAR;SAN VICENTE DE PUSIR;53;;;;;;;;;;;;;;;;;;;;;;;;;;;;;;
;CARCHI;BOLÍVAR;SAN RAFAEL;63;;;;;;;;;;;;;;;;;;;;;;;;;;;;;;
;CARCHI;ESPEJO;EL ÁNGEL;62;;;;;;;;;;;;;;;;;;;;;;;;;;;;;;
;CARCHI;ESPEJO;EL GOALTAL;3;;;;;;;;;;;;;;;;;;;;;;;;;;;;;;
;CARCHI;ESPEJO;LA LIBERTAD;25;;;;;;;;;;;;;;;;;;;;;;;;;;;;;;
;CARCHI;ESPEJO;SAN ISIDRO;64;;;;;;;;;;;;;;;;;;;;;;;;;;;;;;
;CARCHI;MIRA;MIRA;67;;;;;;;;;;;;;;;;;;;;;;;;;;;;;;
;CARCHI;MIRA;CONCEPCIÓN;18;;;;;;;;;;;;;;;;;;;;;;;;;;;;;;
;CARCHI;MIRA;JIJÓN Y CAAMAÑO;7;;;;;;;;;;;;;;;;;;;;;;;;;;;;;;
;CARCHI;MIRA;JUAN MONTALVO;26;;;;;;;;;;;;;;;;;;;;;;;;;;;;;;
;CARCHI;MONTÚFAR;SAN GABRIEL;141;;;;;;;;;;;;;;;;;;;;;;;;;;;;;;
;CARCHI;MONTÚFAR;CRISTÓBAL COLÓN;89;;;;;;;;;;;;;;;;;;;;;;;;;;;;;;
;CARCHI;MONTÚFAR;CHITÁN DE NAVARRETE;16;;;;;;;;;;;;;;;;;;;;;;;;;;;;;;
;CARCHI;MONTÚFAR;FERNÁNDEZ SALVADOR;36;;;;;;;;;;;;;;;;;;;;;;;;;;;;;;
;CARCHI;MONTÚFAR;LA PAZ;30;;;;;;;;;;;;;;;;;;;;;;;;;;;;;;
;CARCHI;MONTÚFAR;PIARTAL;50;;;;;;;;;;;;;;;;;;;;;;;;;;;;;;
;CARCHI;SAN PEDRO DE HUACA;HUACA;149;;;;;;;;;;;;;;;;;;;;;;;;;;;;;;
;CARCHI;SAN PEDRO DE HUACA;MARISCAL SUCRE;45;;;;;;;;;;;;;;;;;;;;;;;;;;;;;;
;COTOPAXI;LATACUNGA;LATACUNGA;472;;;;;;;;;;;;;;;;;;;;;;;;;;;;;;
;COTOPAXI;LATACUNGA;ALÁQUEZ;55;;;;;;;;;;;;;;;;;;;;;;;;;;;;;;
;COTOPAXI;LATACUNGA;BELISARIO QUEVEDO;192;;;;;;;;;;;;;;;;;;;;;;;;;;;;;;
;COTOPAXI;LATACUNGA;GUAYTACAMA;569;;;;;;;;;;;;;;;;;;;;;;;;;;;;;;
;COTOPAXI;LATACUNGA;JOSEGUANGO BAJO;134;;;;;;;;;;;;;;;;;;;;;;;;;;;;;;
;COTOPAXI;LATACUNGA;MULALÓ;18;;;;;;;;;;;;;;;;;;;;;;;;;;;;;;
;COTOPAXI;LATACUNGA;ONCE DE NOVIEMBRE;311;;;;;;;;;;;;;;;;;;;;;;;;;;;;;;
;COTOPAXI;LATACUNGA;POALÓ;65;;;;;;;;;;;;;;;;;;;;;;;;;;;;;;
;COTOPAXI;LATACUNGA;SAN JUAN DE PASTOCALLE;107;;;;;;;;;;;;;;;;;;;;;;;;;;;;;;
;COTOPAXI;LATACUNGA;TANICUCHI;291;;;;;;;;;;;;;;;;;;;;;;;;;;;;;;
;COTOPAXI;LATACUNGA;TOACASO;52;;;;;;;;;;;;;;;;;;;;;;;;;;;;;;
;COTOPAXI;LA MANÁ;LA MANÁ;208;;;;;;;;;;;;;;;;;;;;;;;;;;;;;;
;COTOPAXI;LA MANÁ;GUASAGANDA;16;;;;;;;;;;;;;;;;;;;;;;;;;;;;;;
;COTOPAXI;LA MANÁ;PUCAYACU;11;;;;;;;;;;;;;;;;;;;;;;;;;;;;;;
;COTOPAXI;PANGUA;EL CORAZÓN;34;;;;;;;;;;;;;;;;;;;;;;;;;;;;;;
;COTOPAXI;PANGUA;MORASPUNGO;34;;;;;;;;;;;;;;;;;;;;;;;;;;;;;;
;COTOPAXI;PANGUA;PINLLOPATA;21;;;;;;;;;;;;;;;;;;;;;;;;;;;;;;
;COTOPAXI;PANGUA;RAMÓN CAMPAÑA;15;;;;;;;;;;;;;;;;;;;;;;;;;;;;;;
;COTOPAXI;PUJILÍ;PUJILÍ;144;;;;;;;;;;;;;;;;;;;;;;;;;;;;;;
;COTOPAXI;PUJILÍ;ANGAMARCA;13;;;;;;;;;;;;;;;;;;;;;;;;;;;;;;
;COTOPAXI;PUJILÍ;GUANGAJE;33;;;;;;;;;;;;;;;;;;;;;;;;;;;;;;
;COTOPAXI;PUJILÍ;LA VICTORIA;191;;;;;;;;;;;;;;;;;;;;;;;;;;;;;;
;COTOPAXI;PUJILÍ;PILALÓ;9;;;;;;;;;;;;;;;;;;;;;;;;;;;;;;
;COTOPAXI;PUJILÍ;TINGO;21;;;;;;;;;;;;;;;;;;;;;;;;;;;;;;
;COTOPAXI;PUJILÍ;ZUMBAHUA;33;;;;;;;;;;;;;;;;;;;;;;;;;;;;;;
;COTOPAXI;SALCEDO;SAN MIGUEL;202;;;;;;;;;;;;;;;;;;;;;;;;;;;;;;
;COTOPAXI;SALCEDO;ANTONIO JOSÉ HOLGUÍN;472;;;;;;;;;;;;;;;;;;;;;;;;;;;;;;
;COTOPAXI;SALCEDO;CUSUBAMBA;37;;;;;;;;;;;;;;;;;;;;;;;;;;;;;;
;COTOPAXI;SALCEDO;MULALILLO;176;;;;;;;;;;;;;;;;;;;;;;;;;;;;;;
;COTOPAXI;SALCEDO;MULLIQUINDIL;159;;;;;;;;;;;;;;;;;;;;;;;;;;;;;;
;COTOPAXI;SALCEDO;PANSALEO;251;;;;;;;;;;;;;;;;;;;;;;;;;;;;;;
;COTOPAXI;SAQUISILÍ;SAQUISILÍ;391;;;;;;;;;;;;;;;;;;;;;;;;;;;;;;
;COTOPAXI;SAQUISILÍ;CANCHAGUA;138;;;;;;;;;;;;;;;;;;;;;;;;;;;;;;
;COTOPAXI;SAQUISILÍ;CHANTILÍN;452;;;;;;;;;;;;;;;;;;;;;;;;;;;;;;
;COTOPAXI;SAQUISILÍ;COCHAPAMBA;30;;;;;;;;;;;;;;;;;;;;;;;;;;;;;;
;COTOPAXI;SIGCHOS;SIGCHOS;10;;;;;;;;;;;;;;;;;;;;;;;;;;;;;;
;COTOPAXI;SIGCHOS;CHUGCHILLÁN;24;;;;;;;;;;;;;;;;;;;;;;;;;;;;;;
;COTOPAXI;SIGCHOS;ISINLIVI;23;;;;;;;;;;;;;;;;;;;;;;;;;;;;;;
;COTOPAXI;SIGCHOS;LAS PAMPAS;14;;;;;;;;;;;;;;;;;;;;;;;;;;;;;;
;COTOPAXI;SIGCHOS;PALO QUEMADO;9;;;;;;;;;;;;;;;;;;;;;;;;;;;;;;
;CHIMBORAZO;RIOBAMBA;RIOBAMBA;3.049;;;;;;;;;;;;;;;;;;;;;;;;;;;;;;
;CHIMBORAZO;RIOBAMBA;CACHA;83;;;;;;;;;;;;;;;;;;;;;;;;;;;;;;
;CHIMBORAZO;RIOBAMBA;CALPI;120;;;;;;;;;;;;;;;;;;;;;;;;;;;;;;
;CHIMBORAZO;RIOBAMBA;CUBIJÍES;252;;;;;;;;;;;;;;;;;;;;;;;;;;;;;;
;CHIMBORAZO;RIOBAMBA;FLORES;61;;;;;;;;;;;;;;;;;;;;;;;;;;;;;;
;CHIMBORAZO;RIOBAMBA;LICÁN;558;;;;;;;;;;;;;;;;;;;;;;;;;;;;;;
;CHIMBORAZO;RIOBAMBA;LICTO;113;;;;;;;;;;;;;;;;;;;;;;;;;;;;;;
;CHIMBORAZO;RIOBAMBA;PUNGALÁ;14;;;;;;;;;;;;;;;;;;;;;;;;;;;;;;
;CHIMBORAZO;RIOBAMBA;PUNÍN;91;;;;;;;;;;;;;;;;;;;;;;;;;;;;;;
;CHIMBORAZO;RIOBAMBA;QUIMIAG;33;;;;;;;;;;;;;;;;;;;;;;;;;;;;;;
;CHIMBORAZO;RIOBAMBA;SAN JUAN;29;;;;;;;;;;;;;;;;;;;;;;;;;;;;;;
;CHIMBORAZO;RIOBAMBA;SAN LUIS;653;;;;;;;;;;;;;;;;;;;;;;;;;;;;;;
;CHIMBORAZO;ALAUSÍ;ALAUSÍ;194;;;;;;;;;;;;;;;;;;;;;;;;;;;;;;
;CHIMBORAZO;ALAUSÍ;ACHUPALLAS;14;;;;;;;;;;;;;;;;;;;;;;;;;;;;;;
;CHIMBORAZO;ALAUSÍ;GUASUNTOS;39;;;;;;;;;;;;;;;;;;;;;;;;;;;;;;
;CHIMBORAZO;ALAUSÍ;HUIGRA;13;;;;;;;;;;;;;;;;;;;;;;;;;;;;;;
;CHIMBORAZO;ALAUSÍ;MULTITUD;18;;;;;;;;;;;;;;;;;;;;;;;;;;;;;;
;CHIMBORAZO;ALAUSÍ;PISTISHI;23;;;;;;;;;;;;;;;;;;;;;;;;;;;;;;
;CHIMBORAZO;ALAUSÍ;PUMALLACTA;28;;;;;;;;;;;;;;;;;;;;;;;;;;;;;;
;CHIMBORAZO;ALAUSÍ;SEVILLA;30;;;;;;;;;;;;;;;;;;;;;;;;;;;;;;
;CHIMBORAZO;ALAUSÍ;SIBAMBE;24;;;;;;;;;;;;;;;;;;;;;;;;;;;;;;
;CHIMBORAZO;ALAUSÍ;TIXÁN;47;;;;;;;;;;;;;;;;;;;;;;;;;;;;;;
;CHIMBORAZO;COLTA;VILLA LA UNIÓN;65;;;;;;;;;;;;;;;;;;;;;;;;;;;;;;
;CHIMBORAZO;COLTA;CAÑI;6;;;;;;;;;;;;;;;;;;;;;;;;;;;;;;
;CHIMBORAZO;COLTA;COLUMBE;55;;;;;;;;;;;;;;;;;;;;;;;;;;;;;;
;CHIMBORAZO;COLTA;JUAN DE VELASCO;11;;;;;;;;;;;;;;;;;;;;;;;;;;;;;;
;CHIMBORAZO;COLTA;SANTIAGO DE QUITO;57;;;;;;;;;;;;;;;;;;;;;;;;;;;;;;
;CHIMBORAZO;CHAMBO;CHAMBO;81;;;;;;;;;;;;;;;;;;;;;;;;;;;;;;
;CHIMBORAZO;CHUNCHI;CHUNCHI;54;;;;;;;;;;;;;;;;;;;;;;;;;;;;;;
;CHIMBORAZO;CHUNCHI;CAPZOL;27;;;;;;;;;;;;;;;;;;;;;;;;;;;;;;
;CHIMBORAZO;CHUNCHI;COMPUD;25;;;;;;;;;;;;;;;;;;;;;;;;;;;;;;
;CHIMBORAZO;CHUNCHI;GONZOL;43;;;;;;;;;;;;;;;;;;;;;;;;;;;;;;
;CHIMBORAZO;CHUNCHI;LLAGOS;20;;;;;;;;;;;;;;;;;;;;;;;;;;;;;;
;CHIMBORAZO;GUAMOTE;GUAMOTE;50;;;;;;;;;;;;;;;;;;;;;;;;;;;;;;
;CHIMBORAZO;GUAMOTE;CEBADAS;11;;;;;;;;;;;;;;;;;;;;;;;;;;;;;;
;CHIMBORAZO;GUAMOTE;PALMIRA;41;;;;;;;;;;;;;;;;;;;;;;;;;;;;;;
;CHIMBORAZO;GUANO;GUANO;243;;;;;;;;;;;;;;;;;;;;;;;;;;;;;;
;CHIMBORAZO;GUANO;GUANANDO;15;;;;;;;;;;;;;;;;;;;;;;;;;;;;;;
;CHIMBORAZO;GUANO;ILAPO;35;;;;;;;;;;;;;;;;;;;;;;;;;;;;;;
;CHIMBORAZO;GUANO;LA PROVIDENCIA;65;;;;;;;;;;;;;;;;;;;;;;;;;;;;;;
;CHIMBORAZO;GUANO;SAN ANDRÉS;80;;;;;;;;;;;;;;;;;;;;;;;;;;;;;;
;CHIMBORAZO;GUANO;SAN GERARDO;461;;;;;;;;;;;;;;;;;;;;;;;;;;;;;;
;CHIMBORAZO;GUANO;SAN ISIDRO DE PATULÚ;58;;;;;;;;;;;;;;;;;;;;;;;;;;;;;;
;CHIMBORAZO;GUANO;SAN JOSÉ DEL CHAZO;60;;;;;;;;;;;;;;;;;;;;;;;;;;;;;;
;CHIMBORAZO;GUANO;SANTA FÉ DE GALÁN;50;;;;;;;;;;;;;;;;;;;;;;;;;;;;;;
;CHIMBORAZO;GUANO;VALPARAISO;13;;;;;;;;;;;;;;;;;;;;;;;;;;;;;;
;CHIMBORAZO;PALLATANGA;PALLATANGA;31;;;;;;;;;;;;;;;;;;;;;;;;;;;;;;
;CHIMBORAZO;PENIPE;PENIPE;76;;;;;;;;;;;;;;;;;;;;;;;;;;;;;;
;CHIMBORAZO;PENIPE;EL ALTAR;17;;;;;;;;;;;;;;;;;;;;;;;;;;;;;;
;CHIMBORAZO;PENIPE;MATUS;11;;;;;;;;;;;;;;;;;;;;;;;;;;;;;;
;CHIMBORAZO;PENIPE;PUELA;7;;;;;;;;;;;;;;;;;;;;;;;;;;;;;;
;CHIMBORAZO;PENIPE;SAN ANTONIO DE BAYUSHIG;283;;;;;;;;;;;;;;;;;;;;;;;;;;;;;;
;CHIMBORAZO;PENIPE;LA CANDELARIA;4;;;;;;;;;;;;;;;;;;;;;;;;;;;;;;
;CHIMBORAZO;PENIPE;BILBAO;10;;;;;;;;;;;;;;;;;;;;;;;;;;;;;;
;CHIMBORAZO;CUMANDÁ;CUMANDÁ;104;;;;;;;;;;;;;;;;;;;;;;;;;;;;;;
;EL ORO;MACHALA;MACHALA;1.228;;;;;;;;;;;;;;;;;;;;;;;;;;;;;;
;EL ORO;MACHALA;EL RETIRO;36;;;;;;;;;;;;;;;;;;;;;;;;;;;;;;
;EL ORO;ARENILLAS;ARENILLAS;92;;;;;;;;;;;;;;;;;;;;;;;;;;;;;;
;EL ORO;ARENILLAS;CHACRAS;20;;;;;;;;;;;;;;;;;;;;;;;;;;;;;;
;EL ORO;ARENILLAS;PALMALES;16;;;;;;;;;;;;;;;;;;;;;;;;;;;;;;
;EL ORO;ARENILLAS;CARCABÓN;11;;;;;;;;;;;;;;;;;;;;;;;;;;;;;;
;EL ORO;ARENILLAS;LA CUCA;16;;;;;;;;;;;;;;;;;;;;;;;;;;;;;;
;EL ORO;ATAHUALPA;PACCHA;51;;;;;;;;;;;;;;;;;;;;;;;;;;;;;;
;EL ORO;ATAHUALPA;AYAPAMBA;14;;;;;;;;;;;;;;;;;;;;;;;;;;;;;;
;EL ORO;ATAHUALPA;CORDONCILLO;32;;;;;;;;;;;;;;;;;;;;;;;;;;;;;;
;EL ORO;ATAHUALPA;MILAGRO;154;;;;;;;;;;;;;;;;;;;;;;;;;;;;;;
;EL ORO;ATAHUALPA;SAN JOSÉ;192;;;;;;;;;;;;;;;;;;;;;;;;;;;;;;
;EL ORO;ATAHUALPA;SAN JUAN DE CERRO AZUL;3;;;;;;;;;;;;;;;;;;;;;;;;;;;;;;
;EL ORO;BALSAS;BALSAS;112;;;;;;;;;;;;;;;;;;;;;;;;;;;;;;
;EL ORO;BALSAS;BELLAMARÍA;124;;;;;;;;;;;;;;;;;;;;;;;;;;;;;;
;EL ORO;CHILLA;CHILLA;7;;;;;;;;;;;;;;;;;;;;;;;;;;;;;;
;EL ORO;EL GUABO;EL GUABO;150;;;;;;;;;;;;;;;;;;;;;;;;;;;;;;
;EL ORO;EL GUABO;BARBONES;107;;;;;;;;;;;;;;;;;;;;;;;;;;;;;;
;EL ORO;EL GUABO;LA IBERIA;320;;;;;;;;;;;;;;;;;;;;;;;;;;;;;;
;EL ORO;EL GUABO;TENDALES;51;;;;;;;;;;;;;;;;;;;;;;;;;;;;;;
;EL ORO;EL GUABO;RÍO BONITO;44;;;;;;;;;;;;;;;;;;;;;;;;;;;;;;
;EL ORO;HUAQUILLAS;HUAQUILLAS;571;;;;;;;;;;;;;;;;;;;;;;;;;;;;;;
;EL ORO;MARCABELÍ;MARCABELÍ;51;;;;;;;;;;;;;;;;;;;;;;;;;;;;;;
;EL ORO;MARCABELÍ;EL INGENIO;14;;;;;;;;;;;;;;;;;;;;;;;;;;;;;;
;EL ORO;PASAJE;PASAJE;465;;;;;;;;;;;;;;;;;;;;;;;;;;;;;;
;EL ORO;PASAJE;BUENAVISTA;188;;;;;;;;;;;;;;;;;;;;;;;;;;;;;;
;EL ORO;PASAJE;CASACAY;47;;;;;;;;;;;;;;;;;;;;;;;;;;;;;;
;EL ORO;PASAJE;LA PEAÑA;248;;;;;;;;;;;;;;;;;;;;;;;;;;;;;;
;EL ORO;PASAJE;PROGRESO;33;;;;;;;;;;;;;;;;;;;;;;;;;;;;;;
;EL ORO;PASAJE;UZHCURRUMI;30;;;;;;;;;;;;;;;;;;;;;;;;;;;;;;
;EL ORO;PASAJE;CAÑAQUEMADA;80;;;;;;;;;;;;;;;;;;;;;;;;;;;;;;
;EL ORO;PIÑAS;PIÑAS;171;;;;;;;;;;;;;;;;;;;;;;;;;;;;;;
;EL ORO;PIÑAS;CAPIRO;13;;;;;;;;;;;;;;;;;;;;;;;;;;;;;;
;EL ORO;PIÑAS;LA BOCANA;22;;;;;;;;;;;;;;;;;;;;;;;;;;;;;;
;EL ORO;PIÑAS;MOROMORO;15;;;;;;;;;;;;;;;;;;;;;;;;;;;;;;
;EL ORO;PIÑAS;PIEDRAS;13;;;;;;;;;;;;;;;;;;;;;;;;;;;;;;
;EL ORO;PIÑAS;SAN ROQUE;25;;;;;;;;;;;;;;;;;;;;;;;;;;;;;;
;EL ORO;PIÑAS;SARACAY;24;;;;;;;;;;;;;;;;;;;;;;;;;;;;;;
;EL ORO;PORTOVELO;PORTOVELO;312;;;;;;;;;;;;;;;;;;;;;;;;;;;;;;
;EL ORO;PORTOVELO;CURTINCAPA;31;;;;;;;;;;;;;;;;;;;;;;;;;;;;;;
;EL ORO;PORTOVELO;MORALES;9;;;;;;;;;;;;;;;;;;;;;;;;;;;;;;
;EL ORO;PORTOVELO;SALATÍ;6;;;;;;;;;;;;;;;;;;;;;;;;;;;;;;
;EL ORO;SANTA ROSA;SANTA ROSA;434;;;;;;;;;;;;;;;;;;;;;;;;;;;;;;
;EL ORO;SANTA ROSA;BELLAVISTA;97;;;;;;;;;;;;;;;;;;;;;;;;;;;;;;
;EL ORO;SANTA ROSA;JAMBELÍ;4;;;;;;;;;;;;;;;;;;;;;;;;;;;;;;
;EL ORO;SANTA ROSA;LA AVANZADA;37;;;;;;;;;;;;;;;;;;;;;;;;;;;;;;
;EL ORO;SANTA ROSA;SAN ANTONIO;64;;;;;;;;;;;;;;;;;;;;;;;;;;;;;;
;EL ORO;SANTA ROSA;TORATA;33;;;;;;;;;;;;;;;;;;;;;;;;;;;;;;
;EL ORO;SANTA ROSA;VICTORIA;33;;;;;;;;;;;;;;;;;;;;;;;;;;;;;;
;EL ORO;SANTA ROSA;BELLAMARÍA;25;;;;;;;;;;;;;;;;;;;;;;;;;;;;;;
;EL ORO;ZARUMA;ZARUMA;678;;;;;;;;;;;;;;;;;;;;;;;;;;;;;;
;EL ORO;ZARUMA;ABAÑÍN;18;;;;;;;;;;;;;;;;;;;;;;;;;;;;;;
;EL ORO;ZARUMA;ARCAPAMBA;68;;;;;;;;;;;;;;;;;;;;;;;;;;;;;;
;EL ORO;ZARUMA;GUANAZÁN;12;;;;;;;;;;;;;;;;;;;;;;;;;;;;;;
;EL ORO;ZARUMA;GUIZHAGUIÑA;12;;;;;;;;;;;;;;;;;;;;;;;;;;;;;;
;EL ORO;ZARUMA;HUERTAS;49;;;;;;;;;;;;;;;;;;;;;;;;;;;;;;
;EL ORO;ZARUMA;MALVAS;94;;;;;;;;;;;;;;;;;;;;;;;;;;;;;;
;EL ORO;ZARUMA;MULUNCAY GRANDE;111;;;;;;;;;;;;;;;;;;;;;;;;;;;;;;
;EL ORO;ZARUMA;SINSAO;35;;;;;;;;;;;;;;;;;;;;;;;;;;;;;;
;EL ORO;ZARUMA;SALVIAS;8;;;;;;;;;;;;;;;;;;;;;;;;;;;;;;
;EL ORO;LAS LAJAS;LA VICTORIA;30;;;;;;;;;;;;;;;;;;;;;;;;;;;;;;
;EL ORO;LAS LAJAS;LA LIBERTAD;10;;;;;;;;;;;;;;;;;;;;;;;;;;;;;;
;EL ORO;LAS LAJAS;EL PARAÍSO;11;;;;;;;;;;;;;;;;;;;;;;;;;;;;;;
;EL ORO;LAS LAJAS;SAN ISIDRO;24;;;;;;;;;;;;;;;;;;;;;;;;;;;;;;
;ESMERALDAS;ESMERALDAS;ESMERALDAS;2.422;;;;;;;;;;;;;;;;;;;;;;;;;;;;;;
;ESMERALDAS;ESMERALDAS;CAMARONES;24;;;;;;;;;;;;;;;;;;;;;;;;;;;;;;
;ESMERALDAS;ESMERALDAS;CORONEL CARLOS CONCHA TORRES;10;;;;;;;;;;;;;;;;;;;;;;;;;;;;;;
;ESMERALDAS;ESMERALDAS;CHINCA;23;;;;;;;;;;;;;;;;;;;;;;;;;;;;;;
;ESMERALDAS;ESMERALDAS;MAJUA;27;;;;;;;;;;;;;;;;;;;;;;;;;;;;;;
;ESMERALDAS;ESMERALDAS;SAN MATEO;44;;;;;;;;;;;;;;;;;;;;;;;;;;;;;;
;ESMERALDAS;ESMERALDAS;TABIAZO;20;;;;;;;;;;;;;;;;;;;;;;;;;;;;;;
;ESMERALDAS;ESMERALDAS;TACHINA;88;;;;;;;;;;;;;;;;;;;;;;;;;;;;;;
;ESMERALDAS;ESMERALDAS;VUELTA LARGA;115;;;;;;;;;;;;;;;;;;;;;;;;;;;;;;
;ESMERALDAS;ELOY ALFARO;VALDEZ;60;;;;;;;;;;;;;;;;;;;;;;;;;;;;;;
;ESMERALDAS;ELOY ALFARO;ANCHAYACU;14;;;;;;;;;;;;;;;;;;;;;;;;;;;;;;
;ESMERALDAS;ELOY ALFARO;ATAHUALPA;6;;;;;;;;;;;;;;;;;;;;;;;;;;;;;;
;ESMERALDAS;ELOY ALFARO;BORBÓN;45;;;;;;;;;;;;;;;;;;;;;;;;;;;;;;
;ESMERALDAS;ELOY ALFARO;LA TOLA;17;;;;;;;;;;;;;;;;;;;;;;;;;;;;;;
;ESMERALDAS;ELOY ALFARO;LUIS VARGAS TORRES;1;;;;;;;;;;;;;;;;;;;;;;;;;;;;;;
;ESMERALDAS;ELOY ALFARO;MALDONADO;36;;;;;;;;;;;;;;;;;;;;;;;;;;;;;;
;ESMERALDAS;ELOY ALFARO;PAMPANAL DE BOLÍVAR;12;;;;;;;;;;;;;;;;;;;;;;;;;;;;;;
;ESMERALDAS;ELOY ALFARO;SAN FRANCISCO DE ONZOLE;10;;;;;;;;;;;;;;;;;;;;;;;;;;;;;;
;ESMERALDAS;ELOY ALFARO;SANTO DOMINGO DE ONZOLE;5;;;;;;;;;;;;;;;;;;;;;;;;;;;;;;
;ESMERALDAS;ELOY ALFARO;SELVA ALEGRE;30;;;;;;;;;;;;;;;;;;;;;;;;;;;;;;
;ESMERALDAS;ELOY ALFARO;TELEMBÍ;4;;;;;;;;;;;;;;;;;;;;;;;;;;;;;;
;ESMERALDAS;ELOY ALFARO;COLÓN ELOY DEL MARÍA;31;;;;;;;;;;;;;;;;;;;;;;;;;;;;;;
;ESMERALDAS;ELOY ALFARO;SAN JOSÉ DE CAYAPAS;12;;;;;;;;;;;;;;;;;;;;;;;;;;;;;;
;ESMERALDAS;ELOY ALFARO;TIMBIRÉ;53;;;;;;;;;;;;;;;;;;;;;;;;;;;;;;
;ESMERALDAS;ELOY ALFARO;SANTA LUCÍA DE LAS PEÑAS;24;;;;;;;;;;;;;;;;;;;;;;;;;;;;;;
;ESMERALDAS;MUISNE;MUISNE;62;;;;;;;;;;;;;;;;;;;;;;;;;;;;;;
;ESMERALDAS;MUISNE;BOLÍVAR;51;;;;;;;;;;;;;;;;;;;;;;;;;;;;;;
;ESMERALDAS;MUISNE;DAULE;26;;;;;;;;;;;;;;;;;;;;;;;;;;;;;;
;ESMERALDAS;MUISNE;GALERA;25;;;;;;;;;;;;;;;;;;;;;;;;;;;;;;
;ESMERALDAS;MUISNE;QUINGUE;19;;;;;;;;;;;;;;;;;;;;;;;;;;;;;;
;ESMERALDAS;MUISNE;SÁLIMA;27;;;;;;;;;;;;;;;;;;;;;;;;;;;;;;
;ESMERALDAS;MUISNE;SAN FRANCISCO;26;;;;;;;;;;;;;;;;;;;;;;;;;;;;;;
;ESMERALDAS;MUISNE;SAN GREGORIO;17;;;;;;;;;;;;;;;;;;;;;;;;;;;;;;
;ESMERALDAS;MUISNE;SAN JOSÉ DE CHAMANGA;37;;;;;;;;;;;;;;;;;;;;;;;;;;;;;;
;ESMERALDAS;QUININDÉ;ROSA ZÁRATE;55;;;;;;;;;;;;;;;;;;;;;;;;;;;;;;
;ESMERALDAS;QUININDÉ;CUBE;12;;;;;;;;;;;;;;;;;;;;;;;;;;;;;;
;ESMERALDAS;QUININDÉ;CHURA;18;;;;;;;;;;;;;;;;;;;;;;;;;;;;;;
;ESMERALDAS;QUININDÉ;MALIMPIA;20;;;;;;;;;;;;;;;;;;;;;;;;;;;;;;
;ESMERALDAS;QUININDÉ;VICHE;62;;;;;;;;;;;;;;;;;;;;;;;;;;;;;;
;ESMERALDAS;QUININDÉ;LA UNIÓN;52;;;;;;;;;;;;;;;;;;;;;;;;;;;;;;
;ESMERALDAS;SAN LORENZO;SAN LORENZO;131;;;;;;;;;;;;;;;;;;;;;;;;;;;;;;
;ESMERALDAS;SAN LORENZO;ALTO TAMBO;2;;;;;;;;;;;;;;;;;;;;;;;;;;;;;;
;ESMERALDAS;SAN LORENZO;ANCÓN;24;;;;;;;;;;;;;;;;;;;;;;;;;;;;;;
;ESMERALDAS;SAN LORENZO;CALDERÓN;37;;;;;;;;;;;;;;;;;;;;;;;;;;;;;;
;ESMERALDAS;SAN LORENZO;CARONDELET;16;;;;;;;;;;;;;;;;;;;;;;;;;;;;;;
;ESMERALDAS;SAN LORENZO;5 DE JUNIO;1;;;;;;;;;;;;;;;;;;;;;;;;;;;;;;
;ESMERALDAS;SAN LORENZO;CONCEPCIÓN;9;;;;;;;;;;;;;;;;;;;;;;;;;;;;;;
;ESMERALDAS;SAN LORENZO;MATAJE;3;;;;;;;;;;;;;;;;;;;;;;;;;;;;;;
;ESMERALDAS;SAN LORENZO;SAN JAVIER DE CACHAVÍ;17;;;;;;;;;;;;;;;;;;;;;;;;;;;;;;
;ESMERALDAS;SAN LORENZO;SANTA RITA;20;;;;;;;;;;;;;;;;;;;;;;;;;;;;;;
;ESMERALDAS;SAN LORENZO;TAMBILLO;6;;;;;;;;;;;;;;;;;;;;;;;;;;;;;;
;ESMERALDAS;SAN LORENZO;TULULBÍ;8;;;;;;;;;;;;;;;;;;;;;;;;;;;;;;
;ESMERALDAS;SAN LORENZO;URBINA;5;;;;;;;;;;;;;;;;;;;;;;;;;;;;;;
;ESMERALDAS;ATACAMES;ATACAMES;210;;;;;;;;;;;;;;;;;;;;;;;;;;;;;;
;ESMERALDAS;ATACAMES;LA UNIÓN;29;;;;;;;;;;;;;;;;;;;;;;;;;;;;;;
;ESMERALDAS;ATACAMES;SÚA;61;;;;;;;;;;;;;;;;;;;;;;;;;;;;;;
;ESMERALDAS;ATACAMES;TONCHIGÜE;60;;;;;;;;;;;;;;;;;;;;;;;;;;;;;;
;ESMERALDAS;ATACAMES;TONSUPA;160;;;;;;;;;;;;;;;;;;;;;;;;;;;;;;
;ESMERALDAS;RIOVERDE;RIOVERDE;97;;;;;;;;;;;;;;;;;;;;;;;;;;;;;;
;ESMERALDAS;RIOVERDE;CHONTADURO;19;;;;;;;;;;;;;;;;;;;;;;;;;;;;;;
;ESMERALDAS;RIOVERDE;CHUMUNDÉ;8;;;;;;;;;;;;;;;;;;;;;;;;;;;;;;
;ESMERALDAS;RIOVERDE;LAGARTO;27;;;;;;;;;;;;;;;;;;;;;;;;;;;;;;
;ESMERALDAS;RIOVERDE;MONTALVO;17;;;;;;;;;;;;;;;;;;;;;;;;;;;;;;
;ESMERALDAS;RIOVERDE;ROCAFUERTE;40;;;;;;;;;;;;;;;;;;;;;;;;;;;;;;
;GUAYAS;GUAYAQUIL;GUAYAQUIL;1.507;;;;;;;;;;;;;;;;;;;;;;;;;;;;;;
;GUAYAS;GUAYAQUIL;JUAN GÓMEZ RENDÓN;44;;;;;;;;;;;;;;;;;;;;;;;;;;;;;;
;GUAYAS;GUAYAQUIL;MORRO;20;;;;;;;;;;;;;;;;;;;;;;;;;;;;;;
;GUAYAS;GUAYAQUIL;POSORJA;458;;;;;;;;;;;;;;;;;;;;;;;;;;;;;;
;GUAYAS;GUAYAQUIL;PUNÁ;8;;;;;;;;;;;;;;;;;;;;;;;;;;;;;;
;GUAYAS;GUAYAQUIL;TENGUEL;85;;;;;;;;;;;;;;;;;;;;;;;;;;;;;;
;GUAYAS;ALFREDO BAQUERIZO MORENO (JUJÁN);ALFREDO BAQUERIZO MORENO (JUJÁN);112;;;;;;;;;;;;;;;;;;;;;;;;;;;;;;
;GUAYAS;BALAO;BALAO;58;;;;;;;;;;;;;;;;;;;;;;;;;;;;;;
;GUAYAS;BALZAR;BALZAR;49;;;;;;;;;;;;;;;;;;;;;;;;;;;;;;
;GUAYAS;COLIMES;COLIMES;37;;;;;;;;;;;;;;;;;;;;;;;;;;;;;;
;GUAYAS;COLIMES;SAN JACINTO;28;;;;;;;;;;;;;;;;;;;;;;;;;;;;;;
;GUAYAS;DAULE;DAULE;801;;;;;;;;;;;;;;;;;;;;;;;;;;;;;;
;GUAYAS;DAULE;JUAN BAUTISTA AGUIRRE;126;;;;;;;;;;;;;;;;;;;;;;;;;;;;;;
;GUAYAS;DAULE;LAUREL;284;;;;;;;;;;;;;;;;;;;;;;;;;;;;;;
;GUAYAS;DAULE;LIMONAL;194;;;;;;;;;;;;;;;;;;;;;;;;;;;;;;
;GUAYAS;DAULE;LOS LOJAS;80;;;;;;;;;;;;;;;;;;;;;;;;;;;;;;
;GUAYAS;DURÁN;ELOY ALFARO;889;;;;;;;;;;;;;;;;;;;;;;;;;;;;;;
;GUAYAS;EL EMPALME;VELASCO IBARRA;344;;;;;;;;;;;;;;;;;;;;;;;;;;;;;;
;GUAYAS;EL EMPALME;GUAYAS;52;;;;;;;;;;;;;;;;;;;;;;;;;;;;;;
;GUAYAS;EL EMPALME;EL ROSARIO;73;;;;;;;;;;;;;;;;;;;;;;;;;;;;;;
;GUAYAS;EL TRIUNFO;EL TRIUNFO;108;;;;;;;;;;;;;;;;;;;;;;;;;;;;;;
;GUAYAS;MILAGRO;MILAGRO;776;;;;;;;;;;;;;;;;;;;;;;;;;;;;;;
;GUAYAS;MILAGRO;CHOBO;96;;;;;;;;;;;;;;;;;;;;;;;;;;;;;;
;GUAYAS;MILAGRO;MARISCAL SUCRE;110;;;;;;;;;;;;;;;;;;;;;;;;;;;;;;
;GUAYAS;MILAGRO;ROBERTO ASTUDILLO;156;;;;;;;;;;;;;;;;;;;;;;;;;;;;;;
;GUAYAS;NARANJAL;NARANJAL;86;;;;;;;;;;;;;;;;;;;;;;;;;;;;;;
;GUAYAS;NARANJAL;JESÚS MARÍA;62;;;;;;;;;;;;;;;;;;;;;;;;;;;;;;
;GUAYAS;NARANJAL;SAN CARLOS;91;;;;;;;;;;;;;;;;;;;;;;;;;;;;;;
;GUAYAS;NARANJAL;SANTA ROSA DE FLANDES;47;;;;;;;;;;;;;;;;;;;;;;;;;;;;;;
;GUAYAS;NARANJAL;TAURA;12;;;;;;;;;;;;;;;;;;;;;;;;;;;;;;
;GUAYAS;NARANJITO;NARANJITO;191;;;;;;;;;;;;;;;;;;;;;;;;;;;;;;
;GUAYAS;PALESTINA;PALESTINA;97;;;;;;;;;;;;;;;;;;;;;;;;;;;;;;
;GUAYAS;PEDRO CARBO;PEDRO CARBO;74;;;;;;;;;;;;;;;;;;;;;;;;;;;;;;
;GUAYAS;PEDRO CARBO;VALLE DE LA VIRGEN;57;;;;;;;;;;;;;;;;;;;;;;;;;;;;;;
;GUAYAS;PEDRO CARBO;SABANILLA;25;;;;;;;;;;;;;;;;;;;;;;;;;;;;;;
;GUAYAS;SAMBORONDÓN;SAMBORONDÓN;327;;;;;;;;;;;;;;;;;;;;;;;;;;;;;;
;GUAYAS;SAMBORONDÓN;TARIFA;179;;;;;;;;;;;;;;;;;;;;;;;;;;;;;;
;GUAYAS;SANTA LUCÍA;SANTA LUCÍA;120;;;;;;;;;;;;;;;;;;;;;;;;;;;;;;
;GUAYAS;SALITRE;EL SALITRE;231;;;;;;;;;;;;;;;;;;;;;;;;;;;;;;
;GUAYAS;SALITRE;GENERAL VERNAZA;124;;;;;;;;;;;;;;;;;;;;;;;;;;;;;;
;GUAYAS;SALITRE;LA VICTORIA;90;;;;;;;;;;;;;;;;;;;;;;;;;;;;;;
;GUAYAS;SALITRE;JUNQUILLAL;134;;;;;;;;;;;;;;;;;;;;;;;;;;;;;;
;GUAYAS;SAN JACINTO DE YAGUACHI;SAN JACINTO DE YAGUACHI;119;;;;;;;;;;;;;;;;;;;;;;;;;;;;;;
;GUAYAS;SAN JACINTO DE YAGUACHI;GENERAL PEDRO J. MONTERO;90;;;;;;;;;;;;;;;;;;;;;;;;;;;;;;
;GUAYAS;SAN JACINTO DE YAGUACHI;YAGUACHI VIEJO;122;;;;;;;;;;;;;;;;;;;;;;;;;;;;;;
;GUAYAS;SAN JACINTO DE YAGUACHI;VIRGEN DE FÁTIMA;351;;;;;;;;;;;;;;;;;;;;;;;;;;;;;;
;GUAYAS;PLAYAS;GENERAL VILLAMIL;218;;;;;;;;;;;;;;;;;;;;;;;;;;;;;;
;GUAYAS;SIMÓN BOLÍVAR;SIMÓN BOLÍVAR;124;;;;;;;;;;;;;;;;;;;;;;;;;;;;;;
;GUAYAS;SIMÓN BOLÍVAR;CORONEL LORENZO DE GARAYCOA;82;;;;;;;;;;;;;;;;;;;;;;;;;;;;;;
;GUAYAS;CORONEL MARCELINO MARIDUEÑA;CORONEL MARCELINO MARIDUEÑA;52;;;;;;;;;;;;;;;;;;;;;;;;;;;;;;
;GUAYAS;LOMAS DE SARGENTILLO;LOMAS DE SARGENTILLO;310;;;;;;;;;;;;;;;;;;;;;;;;;;;;;;
;GUAYAS;NOBOL;NARCISA DE JESÚS;177;;;;;;;;;;;;;;;;;;;;;;;;;;;;;;
;GUAYAS;GENERAL  ANTONIO ELIZALDE;GENERAL ANTONIO ELIZALDE;83;;;;;;;;;;;;;;;;;;;;;;;;;;;;;;
;GUAYAS;ISIDRO AYORA;ISIDRO AYORA;29;;;;;;;;;;;;;;;;;;;;;;;;;;;;;;
;IMBABURA;IBARRA;SAN MIGUEL DE IBARRA;691;;;;;;;;;;;;;;;;;;;;;;;;;;;;;;
;IMBABURA;IBARRA;AMBUQUÍ;49;;;;;;;;;;;;;;;;;;;;;;;;;;;;;;
;IMBABURA;IBARRA;ANGOCHAGUA;30;;;;;;;;;;;;;;;;;;;;;;;;;;;;;;
;IMBABURA;IBARRA;CAROLINA;12;;;;;;;;;;;;;;;;;;;;;;;;;;;;;;
;IMBABURA;IBARRA;LA ESPERANZA;248;;;;;;;;;;;;;;;;;;;;;;;;;;;;;;
;IMBABURA;IBARRA;LITA;17;;;;;;;;;;;;;;;;;;;;;;;;;;;;;;
;IMBABURA;IBARRA;SALINAS;31;;;;;;;;;;;;;;;;;;;;;;;;;;;;;;
;IMBABURA;IBARRA;SAN ANTONIO;738;;;;;;;;;;;;;;;;;;;;;;;;;;;;;;
;IMBABURA;ANTONIO ANTE;ATUNTAQUI;1.253;;;;;;;;;;;;;;;;;;;;;;;;;;;;;;
;IMBABURA;ANTONIO ANTE;IMBAYA;139;;;;;;;;;;;;;;;;;;;;;;;;;;;;;;
;IMBABURA;ANTONIO ANTE;SAN FRANCISCO DE NATABUELA;752;;;;;;;;;;;;;;;;;;;;;;;;;;;;;;
;IMBABURA;ANTONIO ANTE;SAN JOSÉ DE CHALTURA;227;;;;;;;;;;;;;;;;;;;;;;;;;;;;;;
;IMBABURA;ANTONIO ANTE;SAN ROQUE;668;;;;;;;;;;;;;;;;;;;;;;;;;;;;;;
;IMBABURA;COTACACHI;COTACACHI;325;;;;;;;;;;;;;;;;;;;;;;;;;;;;;;
;IMBABURA;COTACACHI;APUELA;10;;;;;;;;;;;;;;;;;;;;;;;;;;;;;;
;IMBABURA;COTACACHI;GARCÍA MORENO;13;;;;;;;;;;;;;;;;;;;;;;;;;;;;;;
;IMBABURA;COTACACHI;IMANTAG;24;;;;;;;;;;;;;;;;;;;;;;;;;;;;;;
;IMBABURA;COTACACHI;PEÑAHERRERA;15;;;;;;;;;;;;;;;;;;;;;;;;;;;;;;
;IMBABURA;COTACACHI;PLAZA GUTIÉRREZ;4;;;;;;;;;;;;;;;;;;;;;;;;;;;;;;
;IMBABURA;COTACACHI;QUIROGA;181;;;;;;;;;;;;;;;;;;;;;;;;;;;;;;
;IMBABURA;COTACACHI;SEIS DE JULIO DE CUELLAJE;9;;;;;;;;;;;;;;;;;;;;;;;;;;;;;;
;IMBABURA;COTACACHI;VACAS GALINDO;11;;;;;;;;;;;;;;;;;;;;;;;;;;;;;;
;IMBABURA;OTAVALO;OTAVALO;700;;;;;;;;;;;;;;;;;;;;;;;;;;;;;;
;IMBABURA;OTAVALO;DR. MIGUEL EGAS CABEZAS;682;;;;;;;;;;;;;;;;;;;;;;;;;;;;;;
;IMBABURA;OTAVALO;EUGENIO ESPEJO;315;;;;;;;;;;;;;;;;;;;;;;;;;;;;;;
;IMBABURA;OTAVALO;GONZÁLEZ SUÁREZ;148;;;;;;;;;;;;;;;;;;;;;;;;;;;;;;
;IMBABURA;OTAVALO;PATAQUÍ;22;;;;;;;;;;;;;;;;;;;;;;;;;;;;;;
;IMBABURA;OTAVALO;SAN JOSÉ DE QUICHINCHE;51;;;;;;;;;;;;;;;;;;;;;;;;;;;;;;
;IMBABURA;OTAVALO;SAN JUAN DE ILUMÁN;454;;;;;;;;;;;;;;;;;;;;;;;;;;;;;;
;IMBABURA;OTAVALO;SAN PABLO;175;;;;;;;;;;;;;;;;;;;;;;;;;;;;;;
;IMBABURA;OTAVALO;SAN RAFAEL;290;;;;;;;;;;;;;;;;;;;;;;;;;;;;;;
;IMBABURA;OTAVALO;SELVA ALEGRE;15;;;;;;;;;;;;;;;;;;;;;;;;;;;;;;
;IMBABURA;PIMAMPIRO;PIMAMPIRO;109;;;;;;;;;;;;;;;;;;;;;;;;;;;;;;
;IMBABURA;PIMAMPIRO;CHUGÁ;21;;;;;;;;;;;;;;;;;;;;;;;;;;;;;;
;IMBABURA;PIMAMPIRO;MARIANO ACOSTA;10;;;;;;;;;;;;;;;;;;;;;;;;;;;;;;
;IMBABURA;PIMAMPIRO;SAN FRANCISCO DE SIGSIPAMBA;6;;;;;;;;;;;;;;;;;;;;;;;;;;;;;;
;IMBABURA;SAN MIGUEL DE URCUQUÍ;URCUQUÍ;109;;;;;;;;;;;;;;;;;;;;;;;;;;;;;;
;IMBABURA;SAN MIGUEL DE URCUQUÍ;CAHUASQUÍ;15;;;;;;;;;;;;;;;;;;;;;;;;;;;;;;
;IMBABURA;SAN MIGUEL DE URCUQUÍ;LA MERCED DE BUENOS AIRES;5;;;;;;;;;;;;;;;;;;;;;;;;;;;;;;
;IMBABURA;SAN MIGUEL DE URCUQUÍ;PABLO ARENAS;43;;;;;;;;;;;;;;;;;;;;;;;;;;;;;;
;IMBABURA;SAN MIGUEL DE URCUQUÍ;SAN BLAS;48;;;;;;;;;;;;;;;;;;;;;;;;;;;;;;
;IMBABURA;SAN MIGUEL DE URCUQUÍ;TUMBABIRO;45;;;;;;;;;;;;;;;;;;;;;;;;;;;;;;
;LOJA;LOJA;LOJA;752;;;;;;;;;;;;;;;;;;;;;;;;;;;;;;
;LOJA;LOJA;CHANTACO;43;;;;;;;;;;;;;;;;;;;;;;;;;;;;;;
;LOJA;LOJA;CHUQUIRIBAMBA;29;;;;;;;;;;;;;;;;;;;;;;;;;;;;;;
;LOJA;LOJA;EL CISNE;15;;;;;;;;;;;;;;;;;;;;;;;;;;;;;;
;LOJA;LOJA;GUALEL;21;;;;;;;;;;;;;;;;;;;;;;;;;;;;;;
;LOJA;LOJA;JIMBILLA;10;;;;;;;;;;;;;;;;;;;;;;;;;;;;;;
;LOJA;LOJA;MALACATOS;42;;;;;;;;;;;;;;;;;;;;;;;;;;;;;;
;LOJA;LOJA;SAN LUCAS;30;;;;;;;;;;;;;;;;;;;;;;;;;;;;;;
;LOJA;LOJA;SAN PEDRO DE VILCABAMBA;19;;;;;;;;;;;;;;;;;;;;;;;;;;;;;;
;LOJA;LOJA;SANTIAGO;10;;;;;;;;;;;;;;;;;;;;;;;;;;;;;;
;LOJA;LOJA;TAQUIL;40;;;;;;;;;;;;;;;;;;;;;;;;;;;;;;
;LOJA;LOJA;VILCABAMBA;35;;;;;;;;;;;;;;;;;;;;;;;;;;;;;;
;LOJA;LOJA;YANGANA;5;;;;;;;;;;;;;;;;;;;;;;;;;;;;;;
;LOJA;LOJA;QUINARA;10;;;;;;;;;;;;;;;;;;;;;;;;;;;;;;
;LOJA;CALVAS;CARIAMANGA;56;;;;;;;;;;;;;;;;;;;;;;;;;;;;;;
;LOJA;CALVAS;COLAISACA;7;;;;;;;;;;;;;;;;;;;;;;;;;;;;;;
;LOJA;CALVAS;EL LUCERO;28;;;;;;;;;;;;;;;;;;;;;;;;;;;;;;
;LOJA;CALVAS;UTUANA;9;;;;;;;;;;;;;;;;;;;;;;;;;;;;;;
;LOJA;CALVAS;SANGUILLÍN;14;;;;;;;;;;;;;;;;;;;;;;;;;;;;;;
;LOJA;CATAMAYO;CATAMAYO;191;;;;;;;;;;;;;;;;;;;;;;;;;;;;;;
;LOJA;CATAMAYO;EL TAMBO;22;;;;;;;;;;;;;;;;;;;;;;;;;;;;;;
;LOJA;CATAMAYO;GUAYQUICHUMA;3;;;;;;;;;;;;;;;;;;;;;;;;;;;;;;
;LOJA;CATAMAYO;SAN PEDRO DE LA BENDITA;13;;;;;;;;;;;;;;;;;;;;;;;;;;;;;;
;LOJA;CATAMAYO;ZAMBI;9;;;;;;;;;;;;;;;;;;;;;;;;;;;;;;
;LOJA;CELICA;CELICA;28;;;;;;;;;;;;;;;;;;;;;;;;;;;;;;
;LOJA;CELICA;CRUZPAMBA;43;;;;;;;;;;;;;;;;;;;;;;;;;;;;;;
;LOJA;CELICA;PÓZUL;40;;;;;;;;;;;;;;;;;;;;;;;;;;;;;;
;LOJA;CELICA;SABANILLA;18;;;;;;;;;;;;;;;;;;;;;;;;;;;;;;
;LOJA;CELICA;TENIENTE MAXIMILIANO RODRÍGUEZ LOAIZA;20;;;;;;;;;;;;;;;;;;;;;;;;;;;;;;
;LOJA;CHAGUARPAMBA;CHAGUARPAMBA;34;;;;;;;;;;;;;;;;;;;;;;;;;;;;;;
;LOJA;CHAGUARPAMBA;BUENAVISTA;27;;;;;;;;;;;;;;;;;;;;;;;;;;;;;;
;LOJA;CHAGUARPAMBA;EL ROSARIO;4;;;;;;;;;;;;;;;;;;;;;;;;;;;;;;
;LOJA;CHAGUARPAMBA;SANTA RUFINA;22;;;;;;;;;;;;;;;;;;;;;;;;;;;;;;
;LOJA;CHAGUARPAMBA;AMARILLOS;28;;;;;;;;;;;;;;;;;;;;;;;;;;;;;;
;LOJA;ESPÍNDOLA;AMALUZA;34;;;;;;;;;;;;;;;;;;;;;;;;;;;;;;
;LOJA;ESPÍNDOLA;BELLAVISTA;28;;;;;;;;;;;;;;;;;;;;;;;;;;;;;;
;LOJA;ESPÍNDOLA;JIMBURA;21;;;;;;;;;;;;;;;;;;;;;;;;;;;;;;
;LOJA;ESPÍNDOLA;SANTA TERESITA;19;;;;;;;;;;;;;;;;;;;;;;;;;;;;;;
;LOJA;ESPÍNDOLA;27 DE ABRIL;45;;;;;;;;;;;;;;;;;;;;;;;;;;;;;;
;LOJA;ESPÍNDOLA;EL INGENIO;23;;;;;;;;;;;;;;;;;;;;;;;;;;;;;;
;LOJA;ESPÍNDOLA;EL AIRO;29;;;;;;;;;;;;;;;;;;;;;;;;;;;;;;
;LOJA;GONZANAMÁ;GONZANAMÁ;40;;;;;;;;;;;;;;;;;;;;;;;;;;;;;;
;LOJA;GONZANAMÁ;CHANGAIMINA;23;;;;;;;;;;;;;;;;;;;;;;;;;;;;;;
;LOJA;GONZANAMÁ;NAMBACOLA;14;;;;;;;;;;;;;;;;;;;;;;;;;;;;;;
;LOJA;GONZANAMÁ;PURUNUMA;10;;;;;;;;;;;;;;;;;;;;;;;;;;;;;;
;LOJA;GONZANAMÁ;SACAPALCA;15;;;;;;;;;;;;;;;;;;;;;;;;;;;;;;
;LOJA;MACARÁ;MACARÁ;41;;;;;;;;;;;;;;;;;;;;;;;;;;;;;;
;LOJA;MACARÁ;LARAMA;11;;;;;;;;;;;;;;;;;;;;;;;;;;;;;;
;LOJA;MACARÁ;LA VICTORIA;20;;;;;;;;;;;;;;;;;;;;;;;;;;;;;;
;LOJA;MACARÁ;SABIANGO;14;;;;;;;;;;;;;;;;;;;;;;;;;;;;;;
;LOJA;PALTAS;CATACOCHA;27;;;;;;;;;;;;;;;;;;;;;;;;;;;;;;
;LOJA;PALTAS;CANGONAMÁ;21;;;;;;;;;;;;;;;;;;;;;;;;;;;;;;
;LOJA;PALTAS;GUACHANAMÁ;9;;;;;;;;;;;;;;;;;;;;;;;;;;;;;;
;LOJA;PALTAS;LAURO GUERRERO;17;;;;;;;;;;;;;;;;;;;;;;;;;;;;;;
;LOJA;PALTAS;ORIANGA;9;;;;;;;;;;;;;;;;;;;;;;;;;;;;;;
;LOJA;PALTAS;SAN ANTONIO;31;;;;;;;;;;;;;;;;;;;;;;;;;;;;;;
;LOJA;PALTAS;CASANGA;33;;;;;;;;;;;;;;;;;;;;;;;;;;;;;;
;LOJA;PALTAS;YAMANA;56;;;;;;;;;;;;;;;;;;;;;;;;;;;;;;
;LOJA;PUYANGO;ALAMOR;37;;;;;;;;;;;;;;;;;;;;;;;;;;;;;;
;LOJA;PUYANGO;CIANO;17;;;;;;;;;;;;;;;;;;;;;;;;;;;;;;
;LOJA;PUYANGO;EL ARENAL;42;;;;;;;;;;;;;;;;;;;;;;;;;;;;;;
;LOJA;PUYANGO;EL LIMO;12;;;;;;;;;;;;;;;;;;;;;;;;;;;;;;
;LOJA;PUYANGO;MERCADILLO;47;;;;;;;;;;;;;;;;;;;;;;;;;;;;;;
;LOJA;PUYANGO;VICENTINO;19;;;;;;;;;;;;;;;;;;;;;;;;;;;;;;
;LOJA;SARAGURO;SARAGURO;128;;;;;;;;;;;;;;;;;;;;;;;;;;;;;;
;LOJA;SARAGURO;EL PARAÍSO DE CELEN;41;;;;;;;;;;;;;;;;;;;;;;;;;;;;;;
;LOJA;SARAGURO;EL TABLÓN;10;;;;;;;;;;;;;;;;;;;;;;;;;;;;;;
;LOJA;SARAGURO;LLUZHAPA;21;;;;;;;;;;;;;;;;;;;;;;;;;;;;;;
;LOJA;SARAGURO;MANÚ;12;;;;;;;;;;;;;;;;;;;;;;;;;;;;;;
;LOJA;SARAGURO;SAN ANTONIO DE QUMBE;14;;;;;;;;;;;;;;;;;;;;;;;;;;;;;;
;LOJA;SARAGURO;SAN PABLO DE TENTA;21;;;;;;;;;;;;;;;;;;;;;;;;;;;;;;
;LOJA;SARAGURO;SAN SEBASTIÁN DE YÚLUC;8;;;;;;;;;;;;;;;;;;;;;;;;;;;;;;
;LOJA;SARAGURO;SELVA ALEGRE;34;;;;;;;;;;;;;;;;;;;;;;;;;;;;;;
;LOJA;SARAGURO;URDANETA;34;;;;;;;;;;;;;;;;;;;;;;;;;;;;;;
;LOJA;SARAGURO;SUMAYPAMBA;17;;;;;;;;;;;;;;;;;;;;;;;;;;;;;;
;LOJA;SOZORANGA;SOZORANGA;12;;;;;;;;;;;;;;;;;;;;;;;;;;;;;;
;LOJA;SOZORANGA;NUEVA FÁTIMA;16;;;;;;;;;;;;;;;;;;;;;;;;;;;;;;
;LOJA;SOZORANGA;TACAMOROS;32;;;;;;;;;;;;;;;;;;;;;;;;;;;;;;
;LOJA;ZAPOTILLO;ZAPOTILLO;30;;;;;;;;;;;;;;;;;;;;;;;;;;;;;;
;LOJA;ZAPOTILLO;MANGAHURCO;5;;;;;;;;;;;;;;;;;;;;;;;;;;;;;;
;LOJA;ZAPOTILLO;GARZAREAL;10;;;;;;;;;;;;;;;;;;;;;;;;;;;;;;
;LOJA;ZAPOTILLO;LIMONES;7;;;;;;;;;;;;;;;;;;;;;;;;;;;;;;
;LOJA;ZAPOTILLO;PALETILLAS;15;;;;;;;;;;;;;;;;;;;;;;;;;;;;;;
;LOJA;ZAPOTILLO;BOLASPAMBA;9;;;;;;;;;;;;;;;;;;;;;;;;;;;;;;
;LOJA;ZAPOTILLO;CAZADEROS;4;;;;;;;;;;;;;;;;;;;;;;;;;;;;;;
;LOJA;PINDAL;PINDAL;89;;;;;;;;;;;;;;;;;;;;;;;;;;;;;;
;LOJA;PINDAL;CHAQUINAL;58;;;;;;;;;;;;;;;;;;;;;;;;;;;;;;
;LOJA;PINDAL;12 DE DICIEMBRE;48;;;;;;;;;;;;;;;;;;;;;;;;;;;;;;
;LOJA;PINDAL;MILAGROS;32;;;;;;;;;;;;;;;;;;;;;;;;;;;;;;
;LOJA;QUILANGA;QUILANGA;28;;;;;;;;;;;;;;;;;;;;;;;;;;;;;;
;LOJA;QUILANGA;FUNDOCHAMBA;8;;;;;;;;;;;;;;;;;;;;;;;;;;;;;;
;LOJA;QUILANGA;SAN ANTONIO DE LAS ARADAS;10;;;;;;;;;;;;;;;;;;;;;;;;;;;;;;
;LOJA;OLMEDO;OLMEDO;60;;;;;;;;;;;;;;;;;;;;;;;;;;;;;;
;LOJA;OLMEDO;LA TINGUE;9;;;;;;;;;;;;;;;;;;;;;;;;;;;;;;
;LOS RÍOS;BABAHOYO;BABAHOYO;662;;;;;;;;;;;;;;;;;;;;;;;;;;;;;;
;LOS RÍOS;BABAHOYO;CARACOL;57;;;;;;;;;;;;;;;;;;;;;;;;;;;;;;
;LOS RÍOS;BABAHOYO;FEBRES CORDERO;55;;;;;;;;;;;;;;;;;;;;;;;;;;;;;;
;LOS RÍOS;BABAHOYO;PIMOCHA;101;;;;;;;;;;;;;;;;;;;;;;;;;;;;;;
;LOS RÍOS;BABAHOYO;LA UNIÓN;75;;;;;;;;;;;;;;;;;;;;;;;;;;;;;;
;LOS RÍOS;BABA;BABA;126;;;;;;;;;;;;;;;;;;;;;;;;;;;;;;
;LOS RÍOS;BABA;GUARE;58;;;;;;;;;;;;;;;;;;;;;;;;;;;;;;
;LOS RÍOS;BABA;ISLA DE BEJUCAL;91;;;;;;;;;;;;;;;;;;;;;;;;;;;;;;
;LOS RÍOS;MONTALVO;MONTALVO;87;;;;;;;;;;;;;;;;;;;;;;;;;;;;;;
;LOS RÍOS;MONTALVO;LA ESMERALDA;44;;;;;;;;;;;;;;;;;;;;;;;;;;;;;;
;LOS RÍOS;PUEBLOVIEJO;PUEBLOVIEJO;100;;;;;;;;;;;;;;;;;;;;;;;;;;;;;;
;LOS RÍOS;PUEBLOVIEJO;PUERTO PECHICHE;64;;;;;;;;;;;;;;;;;;;;;;;;;;;;;;
;LOS RÍOS;PUEBLOVIEJO;SAN JUAN;203;;;;;;;;;;;;;;;;;;;;;;;;;;;;;;
;LOS RÍOS;QUEVEDO;QUEVEDO;732;;;;;;;;;;;;;;;;;;;;;;;;;;;;;;
;LOS RÍOS;QUEVEDO;SAN CARLOS;144;;;;;;;;;;;;;;;;;;;;;;;;;;;;;;
;LOS RÍOS;QUEVEDO;LA ESPERANZA;174;;;;;;;;;;;;;;;;;;;;;;;;;;;;;;
;LOS RÍOS;URDANETA;CATARAMA;193;;;;;;;;;;;;;;;;;;;;;;;;;;;;;;
;LOS RÍOS;URDANETA;RICAURTE;70;;;;;;;;;;;;;;;;;;;;;;;;;;;;;;
;LOS RÍOS;VENTANAS;VENTANAS;320;;;;;;;;;;;;;;;;;;;;;;;;;;;;;;
;LOS RÍOS;VENTANAS;ZAPOTAL;75;;;;;;;;;;;;;;;;;;;;;;;;;;;;;;
;LOS RÍOS;VENTANAS;CHACARITA;51;;;;;;;;;;;;;;;;;;;;;;;;;;;;;;
;LOS RÍOS;VENTANAS;LOS ÁNGELES;52;;;;;;;;;;;;;;;;;;;;;;;;;;;;;;
;LOS RÍOS;VINCES;VINCES;111;;;;;;;;;;;;;;;;;;;;;;;;;;;;;;
;LOS RÍOS;VINCES;ANTONIO SOTOMAYOR;126;;;;;;;;;;;;;;;;;;;;;;;;;;;;;;
;LOS RÍOS;PALENQUE;PALENQUE;44;;;;;;;;;;;;;;;;;;;;;;;;;;;;;;
;LOS RÍOS;BUENA FE;SAN JACINTO DE BUENA FE;144;;;;;;;;;;;;;;;;;;;;;;;;;;;;;;
;LOS RÍOS;BUENA FE;PATRICIA PILAR;89;;;;;;;;;;;;;;;;;;;;;;;;;;;;;;
;LOS RÍOS;VALENCIA;VALENCIA;53;;;;;;;;;;;;;;;;;;;;;;;;;;;;;;
;LOS RÍOS;MOCACHE;MOCACHE;74;;;;;;;;;;;;;;;;;;;;;;;;;;;;;;
;LOS RÍOS;QUINSALOMA;QUINSALOMA;67;;;;;;;;;;;;;;;;;;;;;;;;;;;;;;
;MANABÍ;PORTOVIEJO;PORTOVIEJO;608;;;;;;;;;;;;;;;;;;;;;;;;;;;;;;
;MANABÍ;PORTOVIEJO;ABDÓN CALDERÓN;139;;;;;;;;;;;;;;;;;;;;;;;;;;;;;;
;MANABÍ;PORTOVIEJO;ALHAJUELA;152;;;;;;;;;;;;;;;;;;;;;;;;;;;;;;
;MANABÍ;PORTOVIEJO;CRUCITA;274;;;;;;;;;;;;;;;;;;;;;;;;;;;;;;
;MANABÍ;PORTOVIEJO;PUEBLO NUEVO;113;;;;;;;;;;;;;;;;;;;;;;;;;;;;;;
;MANABÍ;PORTOVIEJO;RIOCHICO;187;;;;;;;;;;;;;;;;;;;;;;;;;;;;;;
;MANABÍ;PORTOVIEJO;SAN PLÁCIDO;59;;;;;;;;;;;;;;;;;;;;;;;;;;;;;;
;MANABÍ;PORTOVIEJO;CHIRIJOS;45;;;;;;;;;;;;;;;;;;;;;;;;;;;;;;
;MANABÍ;BOLÍVAR;CALCETA;114;;;;;;;;;;;;;;;;;;;;;;;;;;;;;;
;MANABÍ;BOLÍVAR;MEMBRILLO;29;;;;;;;;;;;;;;;;;;;;;;;;;;;;;;
;MANABÍ;BOLÍVAR;QUIROGA;36;;;;;;;;;;;;;;;;;;;;;;;;;;;;;;
;MANABÍ;CHONE;CHONE;95;;;;;;;;;;;;;;;;;;;;;;;;;;;;;;
;MANABÍ;CHONE;BOYACÁ;19;;;;;;;;;;;;;;;;;;;;;;;;;;;;;;
;MANABÍ;CHONE;CANUTO;54;;;;;;;;;;;;;;;;;;;;;;;;;;;;;;
;MANABÍ;CHONE;CONVENTO;21;;;;;;;;;;;;;;;;;;;;;;;;;;;;;;
;MANABÍ;CHONE;CHIBUNGA;11;;;;;;;;;;;;;;;;;;;;;;;;;;;;;;
;MANABÍ;CHONE;ELOY ALFARO;20;;;;;;;;;;;;;;;;;;;;;;;;;;;;;;
;MANABÍ;CHONE;RICAURTE;20;;;;;;;;;;;;;;;;;;;;;;;;;;;;;;
;MANABÍ;CHONE;SAN ANTONIO;45;;;;;;;;;;;;;;;;;;;;;;;;;;;;;;
;MANABÍ;EL CARMEN;EL CARMEN;111;;;;;;;;;;;;;;;;;;;;;;;;;;;;;;
;MANABÍ;EL CARMEN;WILFRIDO LOOR MOREIRA;13;;;;;;;;;;;;;;;;;;;;;;;;;;;;;;
;MANABÍ;EL CARMEN;SAN PEDRO DE SUMA;38;;;;;;;;;;;;;;;;;;;;;;;;;;;;;;
;MANABÍ;EL CARMEN;SANTA MARÍA;40;;;;;;;;;;;;;;;;;;;;;;;;;;;;;;
;MANABÍ;EL CARMEN;EL PARAÍSO LA 14;71;;;;;;;;;;;;;;;;;;;;;;;;;;;;;;
;MANABÍ;FLAVIO ALFARO;FLAVIO ALFARO;20;;;;;;;;;;;;;;;;;;;;;;;;;;;;;;
;MANABÍ;FLAVIO ALFARO;SAN FRANCISCO DE NOVILLO;10;;;;;;;;;;;;;;;;;;;;;;;;;;;;;;
;MANABÍ;FLAVIO ALFARO;ZAPALLO;35;;;;;;;;;;;;;;;;;;;;;;;;;;;;;;
;MANABÍ;JIPIJAPA;JIPIJAPA;142;;;;;;;;;;;;;;;;;;;;;;;;;;;;;;
;MANABÍ;JIPIJAPA;AMÉRICA;38;;;;;;;;;;;;;;;;;;;;;;;;;;;;;;
;MANABÍ;JIPIJAPA;EL ANEGADO;60;;;;;;;;;;;;;;;;;;;;;;;;;;;;;;
;MANABÍ;JIPIJAPA;JULCUY;6;;;;;;;;;;;;;;;;;;;;;;;;;;;;;;
;MANABÍ;JIPIJAPA;LA UNIÓN;37;;;;;;;;;;;;;;;;;;;;;;;;;;;;;;
;MANABÍ;JIPIJAPA;MEMBRILLAL;12;;;;;;;;;;;;;;;;;;;;;;;;;;;;;;
;MANABÍ;JIPIJAPA;PEDRO PABLO GÓMEZ;15;;;;;;;;;;;;;;;;;;;;;;;;;;;;;;
;MANABÍ;JIPIJAPA;PUERTO CAYO;24;;;;;;;;;;;;;;;;;;;;;;;;;;;;;;
;MANABÍ;JUNÍN;JUNÍN;84;;;;;;;;;;;;;;;;;;;;;;;;;;;;;;
;MANABÍ;MANTA;MANTA;2.903;;;;;;;;;;;;;;;;;;;;;;;;;;;;;;
;MANABÍ;MANTA;SAN LORENZO;34;;;;;;;;;;;;;;;;;;;;;;;;;;;;;;
;MANABÍ;MANTA;SANTA MARIANITA;101;;;;;;;;;;;;;;;;;;;;;;;;;;;;;;
;MANABÍ;MONTECRISTI;MONTECRISTI;162;;;;;;;;;;;;;;;;;;;;;;;;;;;;;;
;MANABÍ;MONTECRISTI;LA PILA;29;;;;;;;;;;;;;;;;;;;;;;;;;;;;;;
;MANABÍ;PAJÁN;PAJÁN;101;;;;;;;;;;;;;;;;;;;;;;;;;;;;;;
;MANABÍ;PAJÁN;CAMPOZANO;37;;;;;;;;;;;;;;;;;;;;;;;;;;;;;;
;MANABÍ;PAJÁN;CASCOL;19;;;;;;;;;;;;;;;;;;;;;;;;;;;;;;
;MANABÍ;PAJÁN;GUALE;42;;;;;;;;;;;;;;;;;;;;;;;;;;;;;;
;MANABÍ;PAJÁN;LASCANO;38;;;;;;;;;;;;;;;;;;;;;;;;;;;;;;
;MANABÍ;PICHINCHA;PICHINCHA;35;;;;;;;;;;;;;;;;;;;;;;;;;;;;;;
;MANABÍ;PICHINCHA;BARRAGANETE;19;;;;;;;;;;;;;;;;;;;;;;;;;;;;;;
;MANABÍ;PICHINCHA;SAN SEBASTIÁN;33;;;;;;;;;;;;;;;;;;;;;;;;;;;;;;
;MANABÍ;ROCAFUERTE;ROCAFUERTE;153;;;;;;;;;;;;;;;;;;;;;;;;;;;;;;
;MANABÍ;SANTA ANA;SANTA ANA DE VUELTA LARGA;84;;;;;;;;;;;;;;;;;;;;;;;;;;;;;;
;MANABÍ;SANTA ANA;AYACUCHO;76;;;;;;;;;;;;;;;;;;;;;;;;;;;;;;
;MANABÍ;SANTA ANA;HONORATO VÁSQUEZ;36;;;;;;;;;;;;;;;;;;;;;;;;;;;;;;
;MANABÍ;SANTA ANA;LA UNIÓN;30;;;;;;;;;;;;;;;;;;;;;;;;;;;;;;
;MANABÍ;SANTA ANA;SAN PABLO;27;;;;;;;;;;;;;;;;;;;;;;;;;;;;;;
;MANABÍ;SUCRE;BAHIA DE CARÁQUEZ;162;;;;;;;;;;;;;;;;;;;;;;;;;;;;;;
;MANABÍ;SUCRE;CHARAPOTÓ;94;;;;;;;;;;;;;;;;;;;;;;;;;;;;;;
;MANABÍ;SUCRE;SAN ISIDRO;44;;;;;;;;;;;;;;;;;;;;;;;;;;;;;;
;MANABÍ;TOSAGUA;TOSAGUA;126;;;;;;;;;;;;;;;;;;;;;;;;;;;;;;
;MANABÍ;TOSAGUA;BACHILLERO;76;;;;;;;;;;;;;;;;;;;;;;;;;;;;;;
;MANABÍ;TOSAGUA;ÁNGEL PEDRO GILER;95;;;;;;;;;;;;;;;;;;;;;;;;;;;;;;
;MANABÍ;24 DE MAYO;SUCRE;77;;;;;;;;;;;;;;;;;;;;;;;;;;;;;;
;MANABÍ;24 DE MAYO;BELLAVISTA;48;;;;;;;;;;;;;;;;;;;;;;;;;;;;;;
;MANABÍ;24 DE MAYO;NOBOA;47;;;;;;;;;;;;;;;;;;;;;;;;;;;;;;
;MANABÍ;24 DE MAYO;ARQUITECTO SIXTO DURÁN BALLÉN;41;;;;;;;;;;;;;;;;;;;;;;;;;;;;;;
;MANABÍ;PEDERNALES;PEDERNALES;62;;;;;;;;;;;;;;;;;;;;;;;;;;;;;;
;MANABÍ;PEDERNALES;COJIMÍES;21;;;;;;;;;;;;;;;;;;;;;;;;;;;;;;
;MANABÍ;PEDERNALES;DIEZ DE AGOSTO;27;;;;;;;;;;;;;;;;;;;;;;;;;;;;;;
;MANABÍ;PEDERNALES;ATAHUALPA;15;;;;;;;;;;;;;;;;;;;;;;;;;;;;;;
;MANABÍ;OLMEDO;OLMEDO;39;;;;;;;;;;;;;;;;;;;;;;;;;;;;;;
;MANABÍ;PUERTO LÓPEZ;PUERTO LÓPEZ;66;;;;;;;;;;;;;;;;;;;;;;;;;;;;;;
;MANABÍ;PUERTO LÓPEZ;MACHALILLA;46;;;;;;;;;;;;;;;;;;;;;;;;;;;;;;
;MANABÍ;PUERTO LÓPEZ;SALANGO;67;;;;;;;;;;;;;;;;;;;;;;;;;;;;;;
;MANABÍ;JAMA;JAMA;29;;;;;;;;;;;;;;;;;;;;;;;;;;;;;;
;MANABÍ;JARAMIJÓ;JARAMIJÓ;308;;;;;;;;;;;;;;;;;;;;;;;;;;;;;;
;MANABÍ;SAN VICENTE;SAN VICENTE;50;;;;;;;;;;;;;;;;;;;;;;;;;;;;;;
;MANABÍ;SAN VICENTE;CANOA;21;;;;;;;;;;;;;;;;;;;;;;;;;;;;;;
;MORONA SANTIAGO;MORONA;MACAS;459;;;;;;;;;;;;;;;;;;;;;;;;;;;;;;
;MORONA SANTIAGO;MORONA;ALSHI;1;;;;;;;;;;;;;;;;;;;;;;;;;;;;;;
;MORONA SANTIAGO;MORONA;GENERAL PROAÑO;67;;;;;;;;;;;;;;;;;;;;;;;;;;;;;;
;MORONA SANTIAGO;MORONA;SAN ISIDRO;9;;;;;;;;;;;;;;;;;;;;;;;;;;;;;;
;MORONA SANTIAGO;MORONA;SEVILLA DON BOSCO;8;;;;;;;;;;;;;;;;;;;;;;;;;;;;;;
;MORONA SANTIAGO;MORONA;SINAÍ;3;;;;;;;;;;;;;;;;;;;;;;;;;;;;;;
;MORONA SANTIAGO;MORONA;ZUÑA;0;;;;;;;;;;;;;;;;;;;;;;;;;;;;;;
;MORONA SANTIAGO;MORONA;CUCHAENTZA;8;;;;;;;;;;;;;;;;;;;;;;;;;;;;;;
;MORONA SANTIAGO;MORONA;RÍO BLANCO;14;;;;;;;;;;;;;;;;;;;;;;;;;;;;;;
;MORONA SANTIAGO;GUALAQUIZA;GUALAQUIZA;34;;;;;;;;;;;;;;;;;;;;;;;;;;;;;;
;MORONA SANTIAGO;GUALAQUIZA;AMAZONAS;1;;;;;;;;;;;;;;;;;;;;;;;;;;;;;;
;MORONA SANTIAGO;GUALAQUIZA;BERMEJOS;2;;;;;;;;;;;;;;;;;;;;;;;;;;;;;;
;MORONA SANTIAGO;GUALAQUIZA;BOMBOÍZA;10;;;;;;;;;;;;;;;;;;;;;;;;;;;;;;
;MORONA SANTIAGO;GUALAQUIZA;CHIGÜINDA;3;;;;;;;;;;;;;;;;;;;;;;;;;;;;;;
;MORONA SANTIAGO;GUALAQUIZA;EL ROSARIO;4;;;;;;;;;;;;;;;;;;;;;;;;;;;;;;
;MORONA SANTIAGO;GUALAQUIZA;NUEVA TARQUI;12;;;;;;;;;;;;;;;;;;;;;;;;;;;;;;
;MORONA SANTIAGO;GUALAQUIZA;SAN MIGUEL DE CUYES;0;;;;;;;;;;;;;;;;;;;;;;;;;;;;;;
;MORONA SANTIAGO;GUALAQUIZA;EL IDEAL;7;;;;;;;;;;;;;;;;;;;;;;;;;;;;;;
;MORONA SANTIAGO;LIMÓN INDANZA;GRAL. LEONIDAS PLAZA GUTIÉRREZ;16;;;;;;;;;;;;;;;;;;;;;;;;;;;;;;
;MORONA SANTIAGO;LIMÓN INDANZA;INDANZA;16;;;;;;;;;;;;;;;;;;;;;;;;;;;;;;
;MORONA SANTIAGO;LIMÓN INDANZA;SAN ANTONIO;2;;;;;;;;;;;;;;;;;;;;;;;;;;;;;;
;MORONA SANTIAGO;LIMÓN INDANZA;SAN MIGUEL DE CONCHAY;3;;;;;;;;;;;;;;;;;;;;;;;;;;;;;;
;MORONA SANTIAGO;LIMÓN INDANZA;SANTA SUSANA DE CHIVIAZA;3;;;;;;;;;;;;;;;;;;;;;;;;;;;;;;
;MORONA SANTIAGO;LIMÓN INDANZA;YUNGANZA;4;;;;;;;;;;;;;;;;;;;;;;;;;;;;;;
;MORONA SANTIAGO;PALORA;PALORA;56;;;;;;;;;;;;;;;;;;;;;;;;;;;;;;
;MORONA SANTIAGO;PALORA;ARAPICOS;5;;;;;;;;;;;;;;;;;;;;;;;;;;;;;;
;MORONA SANTIAGO;PALORA;CUMANDÁ;0;;;;;;;;;;;;;;;;;;;;;;;;;;;;;;
;MORONA SANTIAGO;PALORA;SANGAY;12;;;;;;;;;;;;;;;;;;;;;;;;;;;;;;
;MORONA SANTIAGO;PALORA;16 DE AGOSTO;15;;;;;;;;;;;;;;;;;;;;;;;;;;;;;;
;MORONA SANTIAGO;SANTIAGO;SANTIAGO DE MÉNDEZ;12;;;;;;;;;;;;;;;;;;;;;;;;;;;;;;
;MORONA SANTIAGO;SANTIAGO;COPAL;1;;;;;;;;;;;;;;;;;;;;;;;;;;;;;;
;MORONA SANTIAGO;SANTIAGO;CHUPIANZA;7;;;;;;;;;;;;;;;;;;;;;;;;;;;;;;
;MORONA SANTIAGO;SANTIAGO;PATUCA;7;;;;;;;;;;;;;;;;;;;;;;;;;;;;;;
;MORONA SANTIAGO;SANTIAGO;SAN LUIS DE EL ACHO;10;;;;;;;;;;;;;;;;;;;;;;;;;;;;;;
;MORONA SANTIAGO;SANTIAGO;TAYUZA;17;;;;;;;;;;;;;;;;;;;;;;;;;;;;;;
;MORONA SANTIAGO;SANTIAGO;SAN FRANCISCO DE CHINIMBIMI;9;;;;;;;;;;;;;;;;;;;;;;;;;;;;;;
;MORONA SANTIAGO;SUCÚA;SUCÚA;23;;;;;;;;;;;;;;;;;;;;;;;;;;;;;;
;MORONA SANTIAGO;SUCÚA;ASUNCIÓN;12;;;;;;;;;;;;;;;;;;;;;;;;;;;;;;
;MORONA SANTIAGO;SUCÚA;HUAMBI;15;;;;;;;;;;;;;;;;;;;;;;;;;;;;;;
;MORONA SANTIAGO;SUCÚA;SANTA MARIANITA DE JESÚS;24;;;;;;;;;;;;;;;;;;;;;;;;;;;;;;
;MORONA SANTIAGO;HUAMBOYA;HUAMBOYA;22;;;;;;;;;;;;;;;;;;;;;;;;;;;;;;
;MORONA SANTIAGO;HUAMBOYA;CHIGUAZA;14;;;;;;;;;;;;;;;;;;;;;;;;;;;;;;
;MORONA SANTIAGO;SAN JUAN BOSCO;SAN JUAN BOSCO;20;;;;;;;;;;;;;;;;;;;;;;;;;;;;;;
;MORONA SANTIAGO;SAN JUAN BOSCO;PAN DE AZÚCAR;1;;;;;;;;;;;;;;;;;;;;;;;;;;;;;;
;MORONA SANTIAGO;SAN JUAN BOSCO;SAN CARLOS DE LIMÓN;1;;;;;;;;;;;;;;;;;;;;;;;;;;;;;;
;MORONA SANTIAGO;SAN JUAN BOSCO;SAN JACINTO DE WAKAMBEIS;5;;;;;;;;;;;;;;;;;;;;;;;;;;;;;;
;MORONA SANTIAGO;SAN JUAN BOSCO;SANTIAGO DE PANANZA;5;;;;;;;;;;;;;;;;;;;;;;;;;;;;;;
;MORONA SANTIAGO;TAISHA;TAISHA;6;;;;;;;;;;;;;;;;;;;;;;;;;;;;;;
;MORONA SANTIAGO;TAISHA;HUASAGA;2;;;;;;;;;;;;;;;;;;;;;;;;;;;;;;
;MORONA SANTIAGO;TAISHA;MACUMA;6;;;;;;;;;;;;;;;;;;;;;;;;;;;;;;
;MORONA SANTIAGO;TAISHA;TUUTINENTSA;5;;;;;;;;;;;;;;;;;;;;;;;;;;;;;;
;MORONA SANTIAGO;TAISHA;PUMPUENTSA;3;;;;;;;;;;;;;;;;;;;;;;;;;;;;;;
;MORONA SANTIAGO;LOGROÑO;LOGROÑO;47;;;;;;;;;;;;;;;;;;;;;;;;;;;;;;
;MORONA SANTIAGO;LOGROÑO;YAUPI;3;;;;;;;;;;;;;;;;;;;;;;;;;;;;;;
;MORONA SANTIAGO;LOGROÑO;SHIMPIS;10;;;;;;;;;;;;;;;;;;;;;;;;;;;;;;
;MORONA SANTIAGO;PABLO SEXTO;PABLO SEXTO;2;;;;;;;;;;;;;;;;;;;;;;;;;;;;;;
;MORONA SANTIAGO;TIWINTZA;SANTIAGO;8;;;;;;;;;;;;;;;;;;;;;;;;;;;;;;
;MORONA SANTIAGO;TIWINTZA;SAN JOSÉ DE MORONA;7;;;;;;;;;;;;;;;;;;;;;;;;;;;;;;
;NAPO;TENA;TENA;486;;;;;;;;;;;;;;;;;;;;;;;;;;;;;;
;NAPO;TENA;AHUANO;17;;;;;;;;;;;;;;;;;;;;;;;;;;;;;;
;NAPO;TENA;CHONTAPUNTA;9;;;;;;;;;;;;;;;;;;;;;;;;;;;;;;
;NAPO;TENA;PANO;3;;;;;;;;;;;;;;;;;;;;;;;;;;;;;;
;NAPO;TENA;PUERTO MISAHUALLÍ;15;;;;;;;;;;;;;;;;;;;;;;;;;;;;;;
;NAPO;TENA;PUERTO NAPO;32;;;;;;;;;;;;;;;;;;;;;;;;;;;;;;
;NAPO;TENA;TÁLAG;4;;;;;;;;;;;;;;;;;;;;;;;;;;;;;;
;NAPO;TENA;SAN JUAN DE MUYUNA;45;;;;;;;;;;;;;;;;;;;;;;;;;;;;;;
;NAPO;ARCHIDONA;ARCHIDONA;16;;;;;;;;;;;;;;;;;;;;;;;;;;;;;;
;NAPO;ARCHIDONA;COTUNDO;4;;;;;;;;;;;;;;;;;;;;;;;;;;;;;;
;NAPO;ARCHIDONA;SAN PABLO DE USHPAYACU;37;;;;;;;;;;;;;;;;;;;;;;;;;;;;;;
;NAPO;ARCHIDONA;HATUN SUMAKU;7;;;;;;;;;;;;;;;;;;;;;;;;;;;;;;
;NAPO;EL CHACO;EL CHACO;98;;;;;;;;;;;;;;;;;;;;;;;;;;;;;;
;NAPO;EL CHACO;GONZALO DÍAZ DE PINEDA;0;;;;;;;;;;;;;;;;;;;;;;;;;;;;;;
;NAPO;EL CHACO;LINARES;1;;;;;;;;;;;;;;;;;;;;;;;;;;;;;;
;NAPO;EL CHACO;OYACACHI;1;;;;;;;;;;;;;;;;;;;;;;;;;;;;;;
;NAPO;EL CHACO;SANTA ROSA;5;;;;;;;;;;;;;;;;;;;;;;;;;;;;;;
;NAPO;EL CHACO;SARDINAS;5;;;;;;;;;;;;;;;;;;;;;;;;;;;;;;
;NAPO;QUIJOS;BAEZA;14;;;;;;;;;;;;;;;;;;;;;;;;;;;;;;
;NAPO;QUIJOS;COSANGA;1;;;;;;;;;;;;;;;;;;;;;;;;;;;;;;
;NAPO;QUIJOS;CUYUJA;2;;;;;;;;;;;;;;;;;;;;;;;;;;;;;;
;NAPO;QUIJOS;PAPALLACTA;2;;;;;;;;;;;;;;;;;;;;;;;;;;;;;;
;NAPO;QUIJOS;SAN FRANCISCO DE BORJA;28;;;;;;;;;;;;;;;;;;;;;;;;;;;;;;
;NAPO;QUIJOS;SUMACO;0;;;;;;;;;;;;;;;;;;;;;;;;;;;;;;
;NAPO;CARLOS JULIO AROSEMENA TOLA;CARLOS JULIO AROSEMENA TOLA;9;;;;;;;;;;;;;;;;;;;;;;;;;;;;;;
;PASTAZA;PASTAZA;PUYO;430;;;;;;;;;;;;;;;;;;;;;;;;;;;;;;
;PASTAZA;PASTAZA;CANELOS;6;;;;;;;;;;;;;;;;;;;;;;;;;;;;;;
;PASTAZA;PASTAZA;DIEZ DE AGOSTO;15;;;;;;;;;;;;;;;;;;;;;;;;;;;;;;
;PASTAZA;PASTAZA;FÁTIMA;23;;;;;;;;;;;;;;;;;;;;;;;;;;;;;;
;PASTAZA;PASTAZA;MONTALVO;1;;;;;;;;;;;;;;;;;;;;;;;;;;;;;;
;PASTAZA;PASTAZA;POMONA;5;;;;;;;;;;;;;;;;;;;;;;;;;;;;;;
;PASTAZA;PASTAZA;RÍO CORRIENTES;0;;;;;;;;;;;;;;;;;;;;;;;;;;;;;;
;PASTAZA;PASTAZA;RÍO TIGRE;0;;;;;;;;;;;;;;;;;;;;;;;;;;;;;;
;PASTAZA;PASTAZA;SARAYACU;1;;;;;;;;;;;;;;;;;;;;;;;;;;;;;;
;PASTAZA;PASTAZA;SIMÓN BOLÍVAR;7;;;;;;;;;;;;;;;;;;;;;;;;;;;;;;
;PASTAZA;PASTAZA;TARQUI;153;;;;;;;;;;;;;;;;;;;;;;;;;;;;;;
;PASTAZA;PASTAZA;TENIENTE HUGO ORTIZ;11;;;;;;;;;;;;;;;;;;;;;;;;;;;;;;
;PASTAZA;PASTAZA;VERACRUZ;14;;;;;;;;;;;;;;;;;;;;;;;;;;;;;;
;PASTAZA;PASTAZA;EL TRIUNFO;6;;;;;;;;;;;;;;;;;;;;;;;;;;;;;;
;PASTAZA;MERA;MERA;5;;;;;;;;;;;;;;;;;;;;;;;;;;;;;;
;PASTAZA;MERA;MADRE TIERRA;27;;;;;;;;;;;;;;;;;;;;;;;;;;;;;;
;PASTAZA;MERA;SHELL;391;;;;;;;;;;;;;;;;;;;;;;;;;;;;;;
;PASTAZA;SANTA CLARA;SANTA CLARA;15;;;;;;;;;;;;;;;;;;;;;;;;;;;;;;
;PASTAZA;SANTA CLARA;SAN JOSÉ;13;;;;;;;;;;;;;;;;;;;;;;;;;;;;;;
;PASTAZA;ARAJUNO;ARAJUNO;9;;;;;;;;;;;;;;;;;;;;;;;;;;;;;;
;PASTAZA;ARAJUNO;CURARAY;0;;;;;;;;;;;;;;;;;;;;;;;;;;;;;;
;PICHINCHA;DISTRITO METROPOLITANO DE QUITO;QUITO;4.878;;;;;;;;;;;;;;;;;;;;;;;;;;;;;;
;PICHINCHA;DISTRITO METROPOLITANO DE QUITO;ALANGASÍ;1.180;;;;;;;;;;;;;;;;;;;;;;;;;;;;;;
;PICHINCHA;DISTRITO METROPOLITANO DE QUITO;AMAGUAÑA;767;;;;;;;;;;;;;;;;;;;;;;;;;;;;;;
;PICHINCHA;DISTRITO METROPOLITANO DE QUITO;ATAHUALPA;21;;;;;;;;;;;;;;;;;;;;;;;;;;;;;;
;PICHINCHA;DISTRITO METROPOLITANO DE QUITO;CALACALÍ;26;;;;;;;;;;;;;;;;;;;;;;;;;;;;;;
;PICHINCHA;DISTRITO METROPOLITANO DE QUITO;CALDERÓN;3.211;;;;;;;;;;;;;;;;;;;;;;;;;;;;;;
;PICHINCHA;DISTRITO METROPOLITANO DE QUITO;CONOCOTO;2.859;;;;;;;;;;;;;;;;;;;;;;;;;;;;;;
;PICHINCHA;DISTRITO METROPOLITANO DE QUITO;CUMBAYÁ;1.996;;;;;;;;;;;;;;;;;;;;;;;;;;;;;;
;PICHINCHA;DISTRITO METROPOLITANO DE QUITO;CHAVEZPAMBA;50;;;;;;;;;;;;;;;;;;;;;;;;;;;;;;
;PICHINCHA;DISTRITO METROPOLITANO DE QUITO;CHECA;131;;;;;;;;;;;;;;;;;;;;;;;;;;;;;;
;PICHINCHA;DISTRITO METROPOLITANO DE QUITO;EL QUINCHE;243;;;;;;;;;;;;;;;;;;;;;;;;;;;;;;
;PICHINCHA;DISTRITO METROPOLITANO DE QUITO;GUALEA;14;;;;;;;;;;;;;;;;;;;;;;;;;;;;;;
;PICHINCHA;DISTRITO METROPOLITANO DE QUITO;GUANGOPOLO;426;;;;;;;;;;;;;;;;;;;;;;;;;;;;;;
;PICHINCHA;DISTRITO METROPOLITANO DE QUITO;GUAYLLABAMBA;371;;;;;;;;;;;;;;;;;;;;;;;;;;;;;;
;PICHINCHA;DISTRITO METROPOLITANO DE QUITO;LA MERCED;362;;;;;;;;;;;;;;;;;;;;;;;;;;;;;;
;PICHINCHA;DISTRITO METROPOLITANO DE QUITO;LLANO CHICO;2.002;;;;;;;;;;;;;;;;;;;;;;;;;;;;;;
;PICHINCHA;DISTRITO METROPOLITANO DE QUITO;LLOA;4;;;;;;;;;;;;;;;;;;;;;;;;;;;;;;
;PICHINCHA;DISTRITO METROPOLITANO DE QUITO;NANEGAL;12;;;;;;;;;;;;;;;;;;;;;;;;;;;;;;
;PICHINCHA;DISTRITO METROPOLITANO DE QUITO;NANEGALITO;22;;;;;;;;;;;;;;;;;;;;;;;;;;;;;;
;PICHINCHA;DISTRITO METROPOLITANO DE QUITO;NAYÓN;1.247;;;;;;;;;;;;;;;;;;;;;;;;;;;;;;
;PICHINCHA;DISTRITO METROPOLITANO DE QUITO;NONO;14;;;;;;;;;;;;;;;;;;;;;;;;;;;;;;
;PICHINCHA;DISTRITO METROPOLITANO DE QUITO;PACTO;11;;;;;;;;;;;;;;;;;;;;;;;;;;;;;;
;PICHINCHA;DISTRITO METROPOLITANO DE QUITO;PERUCHO;72;;;;;;;;;;;;;;;;;;;;;;;;;;;;;;
;PICHINCHA;DISTRITO METROPOLITANO DE QUITO;PIFO;91;;;;;;;;;;;;;;;;;;;;;;;;;;;;;;
;PICHINCHA;DISTRITO METROPOLITANO DE QUITO;PÍNTAG;48;;;;;;;;;;;;;;;;;;;;;;;;;;;;;;
;PICHINCHA;DISTRITO METROPOLITANO DE QUITO;POMASQUI;1.556;;;;;;;;;;;;;;;;;;;;;;;;;;;;;;
;PICHINCHA;DISTRITO METROPOLITANO DE QUITO;PUÉLLARO;71;;;;;;;;;;;;;;;;;;;;;;;;;;;;;;
;PICHINCHA;DISTRITO METROPOLITANO DE QUITO;PUEMBO;560;;;;;;;;;;;;;;;;;;;;;;;;;;;;;;
;PICHINCHA;DISTRITO METROPOLITANO DE QUITO;SAN ANTONIO;448;;;;;;;;;;;;;;;;;;;;;;;;;;;;;;
;PICHINCHA;DISTRITO METROPOLITANO DE QUITO;SAN JOSÉ DE MINAS;19;;;;;;;;;;;;;;;;;;;;;;;;;;;;;;
;PICHINCHA;DISTRITO METROPOLITANO DE QUITO;TABABELA;152;;;;;;;;;;;;;;;;;;;;;;;;;;;;;;
;PICHINCHA;DISTRITO METROPOLITANO DE QUITO;TUMBACO;1.207;;;;;;;;;;;;;;;;;;;;;;;;;;;;;;
;PICHINCHA;DISTRITO METROPOLITANO DE QUITO;YARUQUÍ;364;;;;;;;;;;;;;;;;;;;;;;;;;;;;;;
;PICHINCHA;DISTRITO METROPOLITANO DE QUITO;ZÁMBIZA;814;;;;;;;;;;;;;;;;;;;;;;;;;;;;;;
;PICHINCHA;CAYAMBE;CAYAMBE;193;;;;;;;;;;;;;;;;;;;;;;;;;;;;;;
;PICHINCHA;CAYAMBE;ASCÁZUBI;227;;;;;;;;;;;;;;;;;;;;;;;;;;;;;;
;PICHINCHA;CAYAMBE;CANGAHUA;54;;;;;;;;;;;;;;;;;;;;;;;;;;;;;;
;PICHINCHA;CAYAMBE;OLMEDO;16;;;;;;;;;;;;;;;;;;;;;;;;;;;;;;
;PICHINCHA;CAYAMBE;OTÓN;130;;;;;;;;;;;;;;;;;;;;;;;;;;;;;;
;PICHINCHA;CAYAMBE;SANTA ROSA DE CUZUBAMBA;275;;;;;;;;;;;;;;;;;;;;;;;;;;;;;;
;PICHINCHA;CAYAMBE;SAN JOSÉ DE AYORA;110;;;;;;;;;;;;;;;;;;;;;;;;;;;;;;
;PICHINCHA;MEJÍA;MACHACHI;84;;;;;;;;;;;;;;;;;;;;;;;;;;;;;;
;PICHINCHA;MEJÍA;ALOAG;49;;;;;;;;;;;;;;;;;;;;;;;;;;;;;;
;PICHINCHA;MEJÍA;ALOASÍ;191;;;;;;;;;;;;;;;;;;;;;;;;;;;;;;
;PICHINCHA;MEJÍA;CUTUGLAHUA;783;;;;;;;;;;;;;;;;;;;;;;;;;;;;;;
;PICHINCHA;MEJÍA;EL CHAUPI;10;;;;;;;;;;;;;;;;;;;;;;;;;;;;;;
;PICHINCHA;MEJÍA;MANUEL CORNEJO ASTORGA;7;;;;;;;;;;;;;;;;;;;;;;;;;;;;;;
;PICHINCHA;MEJÍA;TAMBILLO;197;;;;;;;;;;;;;;;;;;;;;;;;;;;;;;
;PICHINCHA;MEJÍA;UYUMBICHO;294;;;;;;;;;;;;;;;;;;;;;;;;;;;;;;
;PICHINCHA;PEDRO MONCAYO;TABACUNDO;297;;;;;;;;;;;;;;;;;;;;;;;;;;;;;;
;PICHINCHA;PEDRO MONCAYO;LA ESPERANZA;124;;;;;;;;;;;;;;;;;;;;;;;;;;;;;;
;PICHINCHA;PEDRO MONCAYO;MALCHINGUÍ;73;;;;;;;;;;;;;;;;;;;;;;;;;;;;;;
;PICHINCHA;PEDRO MONCAYO;TOCACHI;21;;;;;;;;;;;;;;;;;;;;;;;;;;;;;;
;PICHINCHA;PEDRO MONCAYO;TUPIGACHI;145;;;;;;;;;;;;;;;;;;;;;;;;;;;;;;
;PICHINCHA;RUMIÑAHUI;SANGOLQUÍ;1.795;;;;;;;;;;;;;;;;;;;;;;;;;;;;;;
;PICHINCHA;RUMIÑAHUI;COTOGCHOA;122;;;;;;;;;;;;;;;;;;;;;;;;;;;;;;
;PICHINCHA;RUMIÑAHUI;RUMIPAMBA;16;;;;;;;;;;;;;;;;;;;;;;;;;;;;;;
;PICHINCHA;SAN MIGUEL DE LOS BANCOS;SAN MIGUEL DE LOS BANCOS;18;;;;;;;;;;;;;;;;;;;;;;;;;;;;;;
;PICHINCHA;SAN MIGUEL DE LOS BANCOS;MINDO;11;;;;;;;;;;;;;;;;;;;;;;;;;;;;;;
;PICHINCHA;PEDRO VICENTE MALDONADO;PEDRO VICENTE MALDONADO;25;;;;;;;;;;;;;;;;;;;;;;;;;;;;;;
;PICHINCHA;PUERTO QUITO;PUERTO QUITO;36;;;;;;;;;;;;;;;;;;;;;;;;;;;;;;
;TUNGURAHUA;AMBATO;AMBATO;4.006;;;;;;;;;;;;;;;;;;;;;;;;;;;;;;
;TUNGURAHUA;AMBATO;AMBATILLO;413;;;;;;;;;;;;;;;;;;;;;;;;;;;;;;
;TUNGURAHUA;AMBATO;ATAHUALPA;1.503;;;;;;;;;;;;;;;;;;;;;;;;;;;;;;
;TUNGURAHUA;AMBATO;AUGUSTO N. MARTÍNEZ;276;;;;;;;;;;;;;;;;;;;;;;;;;;;;;;
;TUNGURAHUA;AMBATO;CONSTANTINO FERNÁNDEZ;200;;;;;;;;;;;;;;;;;;;;;;;;;;;;;;
;TUNGURAHUA;AMBATO;HUACHI GRANDE;1.115;;;;;;;;;;;;;;;;;;;;;;;;;;;;;;
;TUNGURAHUA;AMBATO;IZAMBA;754;;;;;;;;;;;;;;;;;;;;;;;;;;;;;;
;TUNGURAHUA;AMBATO;JUAN BENIGNO VELA;207;;;;;;;;;;;;;;;;;;;;;;;;;;;;;;
;TUNGURAHUA;AMBATO;MONTALVO;593;;;;;;;;;;;;;;;;;;;;;;;;;;;;;;
;TUNGURAHUA;AMBATO;PASA;88;;;;;;;;;;;;;;;;;;;;;;;;;;;;;;
;TUNGURAHUA;AMBATO;PICAIHUA;650;;;;;;;;;;;;;;;;;;;;;;;;;;;;;;
;TUNGURAHUA;AMBATO;PILAGÜÍN;27;;;;;;;;;;;;;;;;;;;;;;;;;;;;;;
;TUNGURAHUA;AMBATO;QUISAPINCHA;88;;;;;;;;;;;;;;;;;;;;;;;;;;;;;;
;TUNGURAHUA;AMBATO;SAN BARTOLOMÉ DE PINLLO;925;;;;;;;;;;;;;;;;;;;;;;;;;;;;;;
;TUNGURAHUA;AMBATO;SAN FERNANDO;19;;;;;;;;;;;;;;;;;;;;;;;;;;;;;;
;TUNGURAHUA;AMBATO;SANTA ROSA;710;;;;;;;;;;;;;;;;;;;;;;;;;;;;;;
;TUNGURAHUA;AMBATO;TOTORAS;1.263;;;;;;;;;;;;;;;;;;;;;;;;;;;;;;
;TUNGURAHUA;AMBATO;CUNCHIBAMBA;276;;;;;;;;;;;;;;;;;;;;;;;;;;;;;;
;TUNGURAHUA;AMBATO;UNAMUNCHO;398;;;;;;;;;;;;;;;;;;;;;;;;;;;;;;
;TUNGURAHUA;BAÑOS DE AGUA SANTA;BAÑOS;190;;;;;;;;;;;;;;;;;;;;;;;;;;;;;;
;TUNGURAHUA;BAÑOS DE AGUA SANTA;LLIGUA;39;;;;;;;;;;;;;;;;;;;;;;;;;;;;;;
;TUNGURAHUA;BAÑOS DE AGUA SANTA;RÍO NEGRO;2;;;;;;;;;;;;;;;;;;;;;;;;;;;;;;
;TUNGURAHUA;BAÑOS DE AGUA SANTA;RÍO VERDE;5;;;;;;;;;;;;;;;;;;;;;;;;;;;;;;
;TUNGURAHUA;BAÑOS DE AGUA SANTA;ULBA;30;;;;;;;;;;;;;;;;;;;;;;;;;;;;;;
;TUNGURAHUA;CEVALLOS;CEVALLOS;556;;;;;;;;;;;;;;;;;;;;;;;;;;;;;;
;TUNGURAHUA;MOCHA;MOCHA;73;;;;;;;;;;;;;;;;;;;;;;;;;;;;;;
;TUNGURAHUA;MOCHA;PINGUILÍ;244;;;;;;;;;;;;;;;;;;;;;;;;;;;;;;
;TUNGURAHUA;PATATE;PATATE;110;;;;;;;;;;;;;;;;;;;;;;;;;;;;;;
;TUNGURAHUA;PATATE;EL TRIUNFO;10;;;;;;;;;;;;;;;;;;;;;;;;;;;;;;
;TUNGURAHUA;PATATE;LOS ANDES;85;;;;;;;;;;;;;;;;;;;;;;;;;;;;;;
;TUNGURAHUA;PATATE;SUCRE;42;;;;;;;;;;;;;;;;;;;;;;;;;;;;;;
;TUNGURAHUA;QUERO;QUERO;153;;;;;;;;;;;;;;;;;;;;;;;;;;;;;;
;TUNGURAHUA;QUERO;RUMIPAMBA;85;;;;;;;;;;;;;;;;;;;;;;;;;;;;;;
;TUNGURAHUA;QUERO;YANAYACU MOCHAPATA;42;;;;;;;;;;;;;;;;;;;;;;;;;;;;;;
;TUNGURAHUA;SAN PEDRO DE PELILEO;PELILEO;487;;;;;;;;;;;;;;;;;;;;;;;;;;;;;;
;TUNGURAHUA;SAN PEDRO DE PELILEO;BENÍTEZ;508;;;;;;;;;;;;;;;;;;;;;;;;;;;;;;
;TUNGURAHUA;SAN PEDRO DE PELILEO;BOLÍVAR;271;;;;;;;;;;;;;;;;;;;;;;;;;;;;;;
;TUNGURAHUA;SAN PEDRO DE PELILEO;COTALÓ;49;;;;;;;;;;;;;;;;;;;;;;;;;;;;;;
;TUNGURAHUA;SAN PEDRO DE PELILEO;CHIQUICHA;178;;;;;;;;;;;;;;;;;;;;;;;;;;;;;;
;TUNGURAHUA;SAN PEDRO DE PELILEO;EL ROSARIO;230;;;;;;;;;;;;;;;;;;;;;;;;;;;;;;
;TUNGURAHUA;SAN PEDRO DE PELILEO;GARCÍA MORENO;500;;;;;;;;;;;;;;;;;;;;;;;;;;;;;;
;TUNGURAHUA;SAN PEDRO DE PELILEO;GUAMBALÓ;329;;;;;;;;;;;;;;;;;;;;;;;;;;;;;;
;TUNGURAHUA;SAN PEDRO DE PELILEO;SALASACA;503;;;;;;;;;;;;;;;;;;;;;;;;;;;;;;
;TUNGURAHUA;SANTIAGO DE PÍLLARO;PÍLLARO;324;;;;;;;;;;;;;;;;;;;;;;;;;;;;;;
;TUNGURAHUA;SANTIAGO DE PÍLLARO;BAQUERIZO MORENO;9;;;;;;;;;;;;;;;;;;;;;;;;;;;;;;
;TUNGURAHUA;SANTIAGO DE PÍLLARO;EMILIO MARÍA TERÁN;92;;;;;;;;;;;;;;;;;;;;;;;;;;;;;;
;TUNGURAHUA;SANTIAGO DE PÍLLARO;MARCOS ESPINEL;18;;;;;;;;;;;;;;;;;;;;;;;;;;;;;;
;TUNGURAHUA;SANTIAGO DE PÍLLARO;PRESIDENTE URBINA;260;;;;;;;;;;;;;;;;;;;;;;;;;;;;;;
;TUNGURAHUA;SANTIAGO DE PÍLLARO;SAN ANDRÉS;230;;;;;;;;;;;;;;;;;;;;;;;;;;;;;;
;TUNGURAHUA;SANTIAGO DE PÍLLARO;SAN JOSÉ DE POALÓ;11;;;;;;;;;;;;;;;;;;;;;;;;;;;;;;
;TUNGURAHUA;SANTIAGO DE PÍLLARO;SAN MIGUELITO;233;;;;;;;;;;;;;;;;;;;;;;;;;;;;;;
;TUNGURAHUA;TISALEO;TISALEO;262;;;;;;;;;;;;;;;;;;;;;;;;;;;;;;
;TUNGURAHUA;TISALEO;QUINCHICOTO;109;;;;;;;;;;;;;;;;;;;;;;;;;;;;;;
;ZAMORA CHINCHIPE;ZAMORA;ZAMORA;45;;;;;;;;;;;;;;;;;;;;;;;;;;;;;;
;ZAMORA CHINCHIPE;ZAMORA;CUMBARATZA;24;;;;;;;;;;;;;;;;;;;;;;;;;;;;;;
;ZAMORA CHINCHIPE;ZAMORA;GUADALUPE;14;;;;;;;;;;;;;;;;;;;;;;;;;;;;;;
;ZAMORA CHINCHIPE;ZAMORA;IMBANA;3;;;;;;;;;;;;;;;;;;;;;;;;;;;;;;
;ZAMORA CHINCHIPE;ZAMORA;SABANILLA;2;;;;;;;;;;;;;;;;;;;;;;;;;;;;;;
;ZAMORA CHINCHIPE;ZAMORA;TIMBARA;6;;;;;;;;;;;;;;;;;;;;;;;;;;;;;;
;ZAMORA CHINCHIPE;ZAMORA;SAN CARLOS DE LAS MINAS;13;;;;;;;;;;;;;;;;;;;;;;;;;;;;;;
;ZAMORA CHINCHIPE;CHINCHIPE;ZUMBA;19;;;;;;;;;;;;;;;;;;;;;;;;;;;;;;
;ZAMORA CHINCHIPE;CHINCHIPE;CHITO;5;;;;;;;;;;;;;;;;;;;;;;;;;;;;;;
;ZAMORA CHINCHIPE;CHINCHIPE;EL CHORRO;11;;;;;;;;;;;;;;;;;;;;;;;;;;;;;;
;ZAMORA CHINCHIPE;CHINCHIPE;LA CHONTA;13;;;;;;;;;;;;;;;;;;;;;;;;;;;;;;
;ZAMORA CHINCHIPE;CHINCHIPE;PUCAPAMBA;4;;;;;;;;;;;;;;;;;;;;;;;;;;;;;;
;ZAMORA CHINCHIPE;CHINCHIPE;SAN ANDRÉS;1;;;;;;;;;;;;;;;;;;;;;;;;;;;;;;
;ZAMORA CHINCHIPE;NANGARITZA;GUAYZIMI;27;;;;;;;;;;;;;;;;;;;;;;;;;;;;;;
;ZAMORA CHINCHIPE;NANGARITZA;ZURMI;2;;;;;;;;;;;;;;;;;;;;;;;;;;;;;;
;ZAMORA CHINCHIPE;NANGARITZA;NUEVO PARAÍSO;1;;;;;;;;;;;;;;;;;;;;;;;;;;;;;;
;ZAMORA CHINCHIPE;NANGARITZA;NANKAIS;7;;;;;;;;;;;;;;;;;;;;;;;;;;;;;;
;ZAMORA CHINCHIPE;YACUAMBI;28 DE MAYO;7;;;;;;;;;;;;;;;;;;;;;;;;;;;;;;
;ZAMORA CHINCHIPE;YACUAMBI;LA PAZ;7;;;;;;;;;;;;;;;;;;;;;;;;;;;;;;
;ZAMORA CHINCHIPE;YACUAMBI;TUTUPALI;2;;;;;;;;;;;;;;;;;;;;;;;;;;;;;;
;ZAMORA CHINCHIPE;YANTZAZA;YANTZAZA;60;;;;;;;;;;;;;;;;;;;;;;;;;;;;;;
;ZAMORA CHINCHIPE;YANTZAZA;CHICAÑA;11;;;;;;;;;;;;;;;;;;;;;;;;;;;;;;
;ZAMORA CHINCHIPE;YANTZAZA;LOS ENCUENTROS;9;;;;;;;;;;;;;;;;;;;;;;;;;;;;;;
;ZAMORA CHINCHIPE;EL PANGUI;EL PANGUI;54;;;;;;;;;;;;;;;;;;;;;;;;;;;;;;
;ZAMORA CHINCHIPE;EL PANGUI;EL GUISME;17;;;;;;;;;;;;;;;;;;;;;;;;;;;;;;
;ZAMORA CHINCHIPE;EL PANGUI;PACHICUTZA;13;;;;;;;;;;;;;;;;;;;;;;;;;;;;;;
;ZAMORA CHINCHIPE;EL PANGUI;TUNDAYME;4;;;;;;;;;;;;;;;;;;;;;;;;;;;;;;
;ZAMORA CHINCHIPE;CENTINELA DEL CÓNDOR;ZUMBI;31;;;;;;;;;;;;;;;;;;;;;;;;;;;;;;
;ZAMORA CHINCHIPE;CENTINELA DEL CÓNDOR;TRIUNFO DORADO;20;;;;;;;;;;;;;;;;;;;;;;;;;;;;;;
;ZAMORA CHINCHIPE;CENTINELA DEL CÓNDOR;PANGUINTZA;38;;;;;;;;;;;;;;;;;;;;;;;;;;;;;;
;ZAMORA CHINCHIPE;PALANDA;PALANDA;9;;;;;;;;;;;;;;;;;;;;;;;;;;;;;;
;ZAMORA CHINCHIPE;PALANDA;EL PORVENIR DEL CARMEN;3;;;;;;;;;;;;;;;;;;;;;;;;;;;;;;
;ZAMORA CHINCHIPE;PALANDA;SAN FRANCISCO DEL VERGEL;6;;;;;;;;;;;;;;;;;;;;;;;;;;;;;;
;ZAMORA CHINCHIPE;PALANDA;VALLADOLID;2;;;;;;;;;;;;;;;;;;;;;;;;;;;;;;
;ZAMORA CHINCHIPE;PALANDA;LA CANELA;2;;;;;;;;;;;;;;;;;;;;;;;;;;;;;;
;ZAMORA CHINCHIPE;PAQUISHA;PAQUISHA;14;;;;;;;;;;;;;;;;;;;;;;;;;;;;;;
;ZAMORA CHINCHIPE;PAQUISHA;BELLAVISTA;8;;;;;;;;;;;;;;;;;;;;;;;;;;;;;;
;ZAMORA CHINCHIPE;PAQUISHA;NUEVO QUITO;18;;;;;;;;;;;;;;;;;;;;;;;;;;;;;;
;GALÁPAGOS;SAN CRISTÓBAL;PUERTO BAQUERIZO MORENO;2.480;;;;;;;;;;;;;;;;;;;;;;;;;;;;;;
;GALÁPAGOS;SAN CRISTÓBAL;EL PROGRESO;2;;;;;;;;;;;;;;;;;;;;;;;;;;;;;;
;GALÁPAGOS;SAN CRISTÓBAL;ISLA SANTA MARÍA FLOREANA;1;;;;;;;;;;;;;;;;;;;;;;;;;;;;;;
;GALÁPAGOS;ISABELA;PUERTO VILLAMIL;1.755;;;;;;;;;;;;;;;;;;;;;;;;;;;;;;
;GALÁPAGOS;ISABELA;TOMÁS DE BERLANGA;0;;;;;;;;;;;;;;;;;;;;;;;;;;;;;;
;GALÁPAGOS;SANTA CRUZ;PUERTO AYORA;4.407;;;;;;;;;;;;;;;;;;;;;;;;;;;;;;
;GALÁPAGOS;SANTA CRUZ;BELLA VISTA;3;;;;;;;;;;;;;;;;;;;;;;;;;;;;;;
;GALÁPAGOS;SANTA CRUZ;SANTA ROSA;1;;;;;;;;;;;;;;;;;;;;;;;;;;;;;;
;SUCUMBÍOS;LAGO AGRIO;NUEVA LOJA;303;;;;;;;;;;;;;;;;;;;;;;;;;;;;;;
;SUCUMBÍOS;LAGO AGRIO;DURENO;13;;;;;;;;;;;;;;;;;;;;;;;;;;;;;;
;SUCUMBÍOS;LAGO AGRIO;GENERAL FARFÁN;13;;;;;;;;;;;;;;;;;;;;;;;;;;;;;;
;SUCUMBÍOS;LAGO AGRIO;EL ENO;16;;;;;;;;;;;;;;;;;;;;;;;;;;;;;;
;SUCUMBÍOS;LAGO AGRIO;PACAYACU;10;;;;;;;;;;;;;;;;;;;;;;;;;;;;;;
;SUCUMBÍOS;LAGO AGRIO;JAMBELÍ;8;;;;;;;;;;;;;;;;;;;;;;;;;;;;;;
;SUCUMBÍOS;LAGO AGRIO;SANTA CECILIA;36;;;;;;;;;;;;;;;;;;;;;;;;;;;;;;
;SUCUMBÍOS;LAGO AGRIO;10 DE AGOSTO;12;;;;;;;;;;;;;;;;;;;;;;;;;;;;;;
;SUCUMBÍOS;GONZALO PIZARRO;LUMBAQUÍ;17;;;;;;;;;;;;;;;;;;;;;;;;;;;;;;
;SUCUMBÍOS;GONZALO PIZARRO;EL REVENTADOR;1;;;;;;;;;;;;;;;;;;;;;;;;;;;;;;
;SUCUMBÍOS;GONZALO PIZARRO;GONZALO PIZARRO;15;;;;;;;;;;;;;;;;;;;;;;;;;;;;;;
;SUCUMBÍOS;GONZALO PIZARRO;PUERTO LIBRE;2;;;;;;;;;;;;;;;;;;;;;;;;;;;;;;
;SUCUMBÍOS;PUTUMAYO;PUERTO EL CARMEN DE PUTUMAYO;3;;;;;;;;;;;;;;;;;;;;;;;;;;;;;;
;SUCUMBÍOS;PUTUMAYO;PALMA ROJA;2;;;;;;;;;;;;;;;;;;;;;;;;;;;;;;
;SUCUMBÍOS;PUTUMAYO;PUERTO BOLÍVAR;0;;;;;;;;;;;;;;;;;;;;;;;;;;;;;;
;SUCUMBÍOS;PUTUMAYO;PUERTO RODRÍGUEZ;1;;;;;;;;;;;;;;;;;;;;;;;;;;;;;;
;SUCUMBÍOS;PUTUMAYO;SANTA ELENA;3;;;;;;;;;;;;;;;;;;;;;;;;;;;;;;
;SUCUMBÍOS;PUTUMAYO;SANSAHUARI;5;;;;;;;;;;;;;;;;;;;;;;;;;;;;;;
;SUCUMBÍOS;SHUSHUFINDI;SHUSHUFINDI;63;;;;;;;;;;;;;;;;;;;;;;;;;;;;;;
;SUCUMBÍOS;SHUSHUFINDI;LIMONCOCHA;13;;;;;;;;;;;;;;;;;;;;;;;;;;;;;;
;SUCUMBÍOS;SHUSHUFINDI;PAÑACOCHA;1;;;;;;;;;;;;;;;;;;;;;;;;;;;;;;
;SUCUMBÍOS;SHUSHUFINDI;SAN ROQUE;7;;;;;;;;;;;;;;;;;;;;;;;;;;;;;;
;SUCUMBÍOS;SHUSHUFINDI;SAN PEDRO DE LOS COFÁNES;49;;;;;;;;;;;;;;;;;;;;;;;;;;;;;;
;SUCUMBÍOS;SHUSHUFINDI;SIETE DE JULIO;36;;;;;;;;;;;;;;;;;;;;;;;;;;;;;;
;SUCUMBÍOS;SUCUMBÍOS;LA BONITA;7;;;;;;;;;;;;;;;;;;;;;;;;;;;;;;
;SUCUMBÍOS;SUCUMBÍOS;EL PLAYÓN DE SAN FRANCISCO;4;;;;;;;;;;;;;;;;;;;;;;;;;;;;;;
;SUCUMBÍOS;SUCUMBÍOS;LA SOFÍA;0;;;;;;;;;;;;;;;;;;;;;;;;;;;;;;
;SUCUMBÍOS;SUCUMBÍOS;ROSA FLORIDA;1;;;;;;;;;;;;;;;;;;;;;;;;;;;;;;
;SUCUMBÍOS;SUCUMBÍOS;SANTA BÁRBARA;7;;;;;;;;;;;;;;;;;;;;;;;;;;;;;;
;SUCUMBÍOS;CASCALES;EL DORADO DE CASCALES;5;;;;;;;;;;;;;;;;;;;;;;;;;;;;;;
;SUCUMBÍOS;CASCALES;SANTA ROSA DE SUCUMBÍOS;10;;;;;;;;;;;;;;;;;;;;;;;;;;;;;;
;SUCUMBÍOS;CASCALES;SEVILLA;26;;;;;;;;;;;;;;;;;;;;;;;;;;;;;;
;SUCUMBÍOS;CASCALES;NUEVA TRONCAL;11;;;;;;;;;;;;;;;;;;;;;;;;;;;;;;
;SUCUMBÍOS;CUYABENO;TARAPOA;6;;;;;;;;;;;;;;;;;;;;;;;;;;;;;;
;SUCUMBÍOS;CUYABENO;CUYABENO;0;;;;;;;;;;;;;;;;;;;;;;;;;;;;;;
;SUCUMBÍOS;CUYABENO;AGUAS NEGRAS;3;;;;;;;;;;;;;;;;;;;;;;;;;;;;;;
;ORELLANA;FRANCISCO DE ORELLANA;EL COCA;399;;;;;;;;;;;;;;;;;;;;;;;;;;;;;;
;ORELLANA;FRANCISCO DE ORELLANA;DAYUMA;6;;;;;;;;;;;;;;;;;;;;;;;;;;;;;;
;ORELLANA;FRANCISCO DE ORELLANA;TARACOA;8;;;;;;;;;;;;;;;;;;;;;;;;;;;;;;
;ORELLANA;FRANCISCO DE ORELLANA;ALEJANDRO LABAKA;2;;;;;;;;;;;;;;;;;;;;;;;;;;;;;;
;ORELLANA;FRANCISCO DE ORELLANA;EL DORADO;24;;;;;;;;;;;;;;;;;;;;;;;;;;;;;;
;ORELLANA;FRANCISCO DE ORELLANA;EL EDÉN;1;;;;;;;;;;;;;;;;;;;;;;;;;;;;;;
;ORELLANA;FRANCISCO DE ORELLANA;GARCÍA MORENO;11;;;;;;;;;;;;;;;;;;;;;;;;;;;;;;
;ORELLANA;FRANCISCO DE ORELLANA;INÉS ARANGO;2;;;;;;;;;;;;;;;;;;;;;;;;;;;;;;
;ORELLANA;FRANCISCO DE ORELLANA;LA BELLEZA;8;;;;;;;;;;;;;;;;;;;;;;;;;;;;;;
;ORELLANA;FRANCISCO DE ORELLANA;NUEVO PARAÍSO;11;;;;;;;;;;;;;;;;;;;;;;;;;;;;;;
;ORELLANA;FRANCISCO DE ORELLANA;SAN JOSÉ DE GUAYUSA;7;;;;;;;;;;;;;;;;;;;;;;;;;;;;;;
;ORELLANA;FRANCISCO DE ORELLANA;SAN LUIS DE ARMENIA;8;;;;;;;;;;;;;;;;;;;;;;;;;;;;;;
;ORELLANA;AGUARICO;NUEVO ROCAFUERTE;2;;;;;;;;;;;;;;;;;;;;;;;;;;;;;;
;ORELLANA;AGUARICO;CAPITÁN AUGUSTO RIVADENEYRA;1;;;;;;;;;;;;;;;;;;;;;;;;;;;;;;
;ORELLANA;AGUARICO;CONONACO;0;;;;;;;;;;;;;;;;;;;;;;;;;;;;;;
;ORELLANA;AGUARICO;SANTA MARÍA DE HUIRIRIMA;1;;;;;;;;;;;;;;;;;;;;;;;;;;;;;;
;ORELLANA;AGUARICO;YASUNÍ;0;;;;;;;;;;;;;;;;;;;;;;;;;;;;;;
;ORELLANA;LA JOYA DE LOS SACHAS;LA JOYA DE LOS SACHAS;136;;;;;;;;;;;;;;;;;;;;;;;;;;;;;;
;ORELLANA;LA JOYA DE LOS SACHAS;ENOKANQUI;42;;;;;;;;;;;;;;;;;;;;;;;;;;;;;;
;ORELLANA;LA JOYA DE LOS SACHAS;POMPEYA;17;;;;;;;;;;;;;;;;;;;;;;;;;;;;;;
;ORELLANA;LA JOYA DE LOS SACHAS;SAN CARLOS;32;;;;;;;;;;;;;;;;;;;;;;;;;;;;;;
;ORELLANA;LA JOYA DE LOS SACHAS;SAN SEBASTIÁN DEL COCA;19;;;;;;;;;;;;;;;;;;;;;;;;;;;;;;
;ORELLANA;LA JOYA DE LOS SACHAS;LAGO SAN PEDRO;30;;;;;;;;;;;;;;;;;;;;;;;;;;;;;;
;ORELLANA;LA JOYA DE LOS SACHAS;RUMIPAMBA;29;;;;;;;;;;;;;;;;;;;;;;;;;;;;;;
;ORELLANA;LA JOYA DE LOS SACHAS;TRES DE NOVIEMBRE;32;;;;;;;;;;;;;;;;;;;;;;;;;;;;;;
;ORELLANA;LA JOYA DE LOS SACHAS;UNIÓN MILAGREÑA;25;;;;;;;;;;;;;;;;;;;;;;;;;;;;;;
;ORELLANA;LORETO;LORETO;81;;;;;;;;;;;;;;;;;;;;;;;;;;;;;;
;ORELLANA;LORETO;ÁVILA;18;;;;;;;;;;;;;;;;;;;;;;;;;;;;;;
;ORELLANA;LORETO;PUERTO MURIALDO;21;;;;;;;;;;;;;;;;;;;;;;;;;;;;;;
;ORELLANA;LORETO;SAN JOSÉ DE PAYAMINO;4;;;;;;;;;;;;;;;;;;;;;;;;;;;;;;
;ORELLANA;LORETO;SAN JOSÉ DE DAHUANO;11;;;;;;;;;;;;;;;;;;;;;;;;;;;;;;
;ORELLANA;LORETO;SAN VICENTE DE HUATICOCHA;6;;;;;;;;;;;;;;;;;;;;;;;;;;;;;;
;SANTO DOMINGO DE LOS TSÁCHILAS;SANTO DOMINGO;SANTO DOMINGO DE LOS COLORADOS;348;;;;;;;;;;;;;;;;;;;;;;;;;;;;;;
;SANTO DOMINGO DE LOS TSÁCHILAS;SANTO DOMINGO;ALLURIQUÍN;13;;;;;;;;;;;;;;;;;;;;;;;;;;;;;;
;SANTO DOMINGO DE LOS TSÁCHILAS;SANTO DOMINGO;PUERTO LIMÓN;48;;;;;;;;;;;;;;;;;;;;;;;;;;;;;;
;SANTO DOMINGO DE LOS TSÁCHILAS;SANTO DOMINGO;LUZ DE AMÉRICA;37;;;;;;;;;;;;;;;;;;;;;;;;;;;;;;
;SANTO DOMINGO DE LOS TSÁCHILAS;SANTO DOMINGO;SAN JACINTO DEL BÚA;67;;;;;;;;;;;;;;;;;;;;;;;;;;;;;;
;SANTO DOMINGO DE LOS TSÁCHILAS;SANTO DOMINGO;VALLE HERMOSO;32;;;;;;;;;;;;;;;;;;;;;;;;;;;;;;
;SANTO DOMINGO DE LOS TSÁCHILAS;SANTO DOMINGO;EL ESFUERZO;21;;;;;;;;;;;;;;;;;;;;;;;;;;;;;;
;SANTO DOMINGO DE LOS TSÁCHILAS;SANTO DOMINGO;SANTA MARÍA DEL TOACHI;20;;;;;;;;;;;;;;;;;;;;;;;;;;;;;;
;SANTO DOMINGO DE LOS TSÁCHILAS;LA CONCORDIA;LA CONCORDIA;459;;;;;;;;;;;;;;;;;;;;;;;;;;;;;;
;SANTO DOMINGO DE LOS TSÁCHILAS;LA CONCORDIA;MONTERREY;72;;;;;;;;;;;;;;;;;;;;;;;;;;;;;;
;SANTO DOMINGO DE LOS TSÁCHILAS;LA CONCORDIA;LA VILLEGAS;77;;;;;;;;;;;;;;;;;;;;;;;;;;;;;;
;SANTO DOMINGO DE LOS TSÁCHILAS;LA CONCORDIA;PLAN PILOTO;28;;;;;;;;;;;;;;;;;;;;;;;;;;;;;;
;SANTA ELENA;SANTA ELENA;SANTA ELENA;135;;;;;;;;;;;;;;;;;;;;;;;;;;;;;;
;SANTA ELENA;SANTA ELENA;ATAHUALPA;52;;;;;;;;;;;;;;;;;;;;;;;;;;;;;;
;SANTA ELENA;SANTA ELENA;COLONCHE;35;;;;;;;;;;;;;;;;;;;;;;;;;;;;;;
;SANTA ELENA;SANTA ELENA;CHANDUY;27;;;;;;;;;;;;;;;;;;;;;;;;;;;;;;
;SANTA ELENA;SANTA ELENA;MANGLARALTO;88;;;;;;;;;;;;;;;;;;;;;;;;;;;;;;
;SANTA ELENA;SANTA ELENA;SIMÓN BOLÍVAR;8;;;;;;;;;;;;;;;;;;;;;;;;;;;;;;
;SANTA ELENA;SANTA ELENA;SAN JOSÉ DE ANCÓN;120;;;;;;;;;;;;;;;;;;;;;;;;;;;;;;
;SANTA ELENA;LA LIBERTAD;LA LIBERTAD;4.440;;;;;;;;;;;;;;;;;;;;;;;;;;;;;;
;SANTA ELENA;SALINAS;SALINAS;2.049;;;;;;;;;;;;;;;;;;;;;;;;;;;;;;
;SANTA ELENA;SALINAS;ANCONCITO;1.005;;;;;;;;;;;;;;;;;;;;;;;;;;;;;;
;SANTA ELENA;SALINAS;JOSÉ LUIS TAMAYO;1.027;;;;;;;;;;;;;;;;;;;;;;;;;;;;;;
