,Provincia,Cantón,Parroquia,Densidad Poblacional
0,AZUAY,CUENCA,CUENCA,5.044
1,AZUAY,CUENCA,BAÑOS,87.0
2,AZUAY,CUENCA,CUMBE,86.0
3,AZUAY,CUENCA,CHAUCHA,5.0
4,AZUAY,CUENCA,CHECA,29.0
5,AZUAY,CUENCA,CHIQUINTAD,61.0
6,AZUAY,CUENCA,LLACAO,468.0
7,AZUAY,CUENCA,MOLLETURO,7.0
8,AZUAY,CUENCA,NULTI,248.0
9,AZUAY,CUENCA,OCTAVIO CORDERO PALACIOS,120.0
10,AZUAY,CUENCA,PACCHA,336.0
11,AZUAY,CUENCA,QUINGEO,63.0
12,AZUAY,CUENCA,RICAURTE,1.932
13,AZUAY,CUENCA,SAN JOAQUÍN,53.0
14,AZUAY,CUENCA,SANTA ANA,156.0
15,AZUAY,CUENCA,SAYAUSÍ,37.0
16,AZUAY,CUENCA,SIDCAY,312.0
17,AZUAY,CUENCA,SININCAY,573.0
18,AZUAY,CUENCA,TARQUI,94.0
19,AZUAY,CUENCA,TURI,537.0
20,AZUAY,CUENCA,VALLE,784.0
21,AZUAY,CUENCA,VICTORIA DEL PORTETE,34.0
22,AZUAY,GIRÓN,GIRÓN,35.0
23,AZUAY,GIRÓN,LA ASUNCIÓN,50.0
24,AZUAY,GIRÓN,SAN GERARDO,21.0
25,AZUAY,GUALACEO,GUALACEO,531.0
26,AZUAY,GUALACEO,DANIEL CÓRDOVA TORAL,77.0
27,AZUAY,GUALACEO,JADÁN,87.0
28,AZUAY,GUALACEO,MARIANO MORENO,66.0
29,AZUAY,GUALACEO,REMIGIO CRESPO TORAL,45.0
30,AZUAY,GUALACEO,SAN JUAN,131.0
31,AZUAY,GUALACEO,ZHIDMAD,73.0
32,AZUAY,GUALACEO,LUIS CORDERO VEGA,36.0
33,AZUAY,GUALACEO,SIMÓN BOLÍVAR,61.0
34,AZUAY,NABÓN,NABÓN,37.0
35,AZUAY,NABÓN,COCHAPATA,27.0
36,AZUAY,NABÓN,EL PROGRESO,9.0
37,AZUAY,NABÓN,LAS NIEVES,11.0
38,AZUAY,PAUTE,PAUTE,217.0
39,AZUAY,PAUTE,BULÁN,49.0
40,AZUAY,PAUTE,CHICÁN,138.0
41,AZUAY,PAUTE,EL CABO,148.0
42,AZUAY,PAUTE,GUARAINAG,19.0
43,AZUAY,PAUTE,SAN CRISTÓBAL,166.0
44,AZUAY,PAUTE,TOMEBAMBA,34.0
45,AZUAY,PAUTE,DUG DUG,48.0
46,AZUAY,PUCARÁ,PUCARÁ,14.0
47,AZUAY,PUCARÁ,SAN RAFAEL DE SHARUG,25.0
48,AZUAY,SAN FERNANDO,SAN FERNANDO,25.0
49,AZUAY,SAN FERNANDO,CHUMBLÍN,33.0
50,AZUAY,SANTA ISABEL,SANTA ISABEL,56.0
51,AZUAY,SANTA ISABEL,ABDÓN CALDERÓN,68.0
52,AZUAY,SANTA ISABEL,EL CARMEN DE PIJILÍ,13.0
53,AZUAY,SANTA ISABEL,SHAGLLI,7.0
54,AZUAY,SANTA ISABEL,SAN SALVADOR DE CAÑARIBAMBA,16.0
55,AZUAY,SÍGSIG,SÍGSIG,74.0
56,AZUAY,SÍGSIG,CUCHIL,13.0
57,AZUAY,SÍGSIG,JIMA,12.0
58,AZUAY,SÍGSIG,GÜEL,64.0
59,AZUAY,SÍGSIG,LUDO,43.0
60,AZUAY,SÍGSIG,SAN BARTOLOMÉ,94.0
61,AZUAY,SÍGSIG,SAN JOSÉ DE RARANGA,48.0
62,AZUAY,OÑA,SAN FELIPE DE OÑA,11.0
63,AZUAY,OÑA,SUSUDEL,13.0
64,AZUAY,CHORDELEG,CHORDELEG,423.0
65,AZUAY,CHORDELEG,PRINCIPAL,38.0
66,AZUAY,CHORDELEG,LA UNIÓN,137.0
67,AZUAY,CHORDELEG,LUIS GALARZA ORELLANA,42.0
68,AZUAY,CHORDELEG,SAN MARTÍN DE PUZHIO,73.0
69,AZUAY,EL PAN,EL PAN,61.0
70,AZUAY,EL PAN,SAN VICENTE,14.0
71,AZUAY,SEVILLA DE ORO,SEVILLA DE ORO,31.0
72,AZUAY,SEVILLA DE ORO,AMALUZA,5.0
73,AZUAY,SEVILLA DE ORO,PALMAS,24.0
74,AZUAY,GUACHAPALA,GUACHAPALA,89.0
75,AZUAY,CAMILO PONCE ENRÍQUEZ,CAMILO PONCE ENRÍQUEZ,107.0
76,BOLÍVAR,GUARANDA,GUARANDA,123.0
77,BOLÍVAR,GUARANDA,FACUNDO VELA,16.0
78,BOLÍVAR,GUARANDA,JULIO E. MORENO,30.0
79,BOLÍVAR,GUARANDA,SALINAS,13.0
80,BOLÍVAR,GUARANDA,SAN LORENZO,19.0
81,BOLÍVAR,GUARANDA,SAN SIMÓN,52.0
82,BOLÍVAR,GUARANDA,SANTA FE,73.0
83,BOLÍVAR,GUARANDA,SIMIÁTUG,32.0
84,BOLÍVAR,GUARANDA,SAN LUIS DE PAMBIL,42.0
85,BOLÍVAR,CHILLANES,CHILLANES,33.0
86,BOLÍVAR,CHILLANES,SAN JOSÉ DEL TAMBO,24.0
87,BOLÍVAR,CHIMBO,SAN JOSÉ DE CHIMBO,410.0
88,BOLÍVAR,CHIMBO,ASUNCIÓN,79.0
89,BOLÍVAR,CHIMBO,LA MAGDALENA,59.0
90,BOLÍVAR,CHIMBO,SAN SEBASTIÁN,111.0
91,BOLÍVAR,CHIMBO,TELIMBELA,18.0
92,BOLÍVAR,ECHEANDÍA,ECHEANDÍA,60.0
93,BOLÍVAR,SAN MIGUEL,SAN MIGUEL,150.0
94,BOLÍVAR,SAN MIGUEL,BALSAPAMBA,22.0
95,BOLÍVAR,SAN MIGUEL,BILOVÁN,21.0
96,BOLÍVAR,SAN MIGUEL,RÉGULO DE MORA,12.0
97,BOLÍVAR,SAN MIGUEL,SAN PABLO,68.0
98,BOLÍVAR,SAN MIGUEL,SANTIAGO,33.0
99,BOLÍVAR,SAN MIGUEL,SAN VICENTE,37.0
100,BOLÍVAR,CALUMA,CALUMA,89.0
101,BOLÍVAR,LAS NAVES,LAS NAVES,47.0
102,CAÑAR,AZOGUES,AZOGUES,730.0
103,CAÑAR,AZOGUES,COJITAMBO,190.0
104,CAÑAR,AZOGUES,GUAPÁN,115.0
105,CAÑAR,AZOGUES,JAVIER LOYOLA,280.0
106,CAÑAR,AZOGUES,LUIS CORDERO,162.0
107,CAÑAR,AZOGUES,PINDILIG,16.0
108,CAÑAR,AZOGUES,RIVERA,3.0
109,CAÑAR,AZOGUES,SAN MIGUEL,135.0
110,CAÑAR,AZOGUES,TADAY,20.0
111,CAÑAR,BIBLIÁN,BIBLIÁN,206.0
112,CAÑAR,BIBLIÁN,NAZÓN,44.0
113,CAÑAR,BIBLIÁN,SAN FRANCISCO DE SAGEO,392.0
114,CAÑAR,BIBLIÁN,TURUPAMBA,165.0
115,CAÑAR,BIBLIÁN,JERUSALÉN,28.0
116,CAÑAR,CAÑAR,CAÑAR,227.0
117,CAÑAR,CAÑAR,CHONTAMARCA,15.0
118,CAÑAR,CAÑAR,CHOROCOPTE,80.0
119,CAÑAR,CAÑAR,GENERAL MORALES,20.0
120,CAÑAR,CAÑAR,GUALLETURO,11.0
121,CAÑAR,CAÑAR,HONORATO VÁSQUEZ,77.0
122,CAÑAR,CAÑAR,INGAPIRCA,17.0
123,CAÑAR,CAÑAR,JUNCAL,26.0
124,CAÑAR,CAÑAR,SAN ANTONIO,5.0
125,CAÑAR,CAÑAR,ZHUD,20.0
126,CAÑAR,CAÑAR,VENTURA,20.0
127,CAÑAR,CAÑAR,DUCUR,37.0
128,CAÑAR,LA TRONCAL,LA TRONCAL,297.0
129,CAÑAR,LA TRONCAL,MANUEL J. CALLE,78.0
130,CAÑAR,LA TRONCAL,PANCHO NEGRO,72.0
131,CAÑAR,EL TAMBO,EL TAMBO,147.0
132,CAÑAR,DÉLEG,DÉLEG,75.0
133,CAÑAR,DÉLEG,SOLANO,105.0
134,CAÑAR,SUSCAL,SUSCAL,87.0
135,CARCHI,TULCÁN,TULCÁN,473.0
136,CARCHI,TULCÁN,EL CARMELO,33.0
137,CARCHI,TULCÁN,JULIO ANDRADE,114.0
138,CARCHI,TULCÁN,MALDONADO,10.0
139,CARCHI,TULCÁN,PIOTER,38.0
140,CARCHI,TULCÁN,TOBAR DONOSO,2.0
141,CARCHI,TULCÁN,TUFIÑO,15.0
142,CARCHI,TULCÁN,URBINA,44.0
143,CARCHI,TULCÁN,EL CHICAL,10.0
144,CARCHI,TULCÁN,SANTA MARTHA DE CUBA,145.0
145,CARCHI,BOLÍVAR,BOLÍVAR,59.0
146,CARCHI,BOLÍVAR,GARCÍA MORENO,23.0
147,CARCHI,BOLÍVAR,LOS ANDES,43.0
148,CARCHI,BOLÍVAR,MONTE OLIVO,24.0
149,CARCHI,BOLÍVAR,SAN VICENTE DE PUSIR,53.0
150,CARCHI,BOLÍVAR,SAN RAFAEL,63.0
151,CARCHI,ESPEJO,EL ÁNGEL,62.0
152,CARCHI,ESPEJO,EL GOALTAL,3.0
153,CARCHI,ESPEJO,LA LIBERTAD,25.0
154,CARCHI,ESPEJO,SAN ISIDRO,64.0
155,CARCHI,MIRA,MIRA,67.0
156,CARCHI,MIRA,CONCEPCIÓN,18.0
157,CARCHI,MIRA,JIJÓN Y CAAMAÑO,7.0
158,CARCHI,MIRA,JUAN MONTALVO,26.0
159,CARCHI,MONTÚFAR,SAN GABRIEL,141.0
160,CARCHI,MONTÚFAR,CRISTÓBAL COLÓN,89.0
161,CARCHI,MONTÚFAR,CHITÁN DE NAVARRETE,16.0
162,CARCHI,MONTÚFAR,FERNÁNDEZ SALVADOR,36.0
163,CARCHI,MONTÚFAR,LA PAZ,30.0
164,CARCHI,MONTÚFAR,PIARTAL,50.0
165,CARCHI,SAN PEDRO DE HUACA,HUACA,149.0
166,CARCHI,SAN PEDRO DE HUACA,MARISCAL SUCRE,45.0
167,COTOPAXI,LATACUNGA,LATACUNGA,472.0
168,COTOPAXI,LATACUNGA,ALÁQUEZ,55.0
169,COTOPAXI,LATACUNGA,BELISARIO QUEVEDO,192.0
170,COTOPAXI,LATACUNGA,GUAYTACAMA,569.0
171,COTOPAXI,LATACUNGA,JOSEGUANGO BAJO,134.0
172,COTOPAXI,LATACUNGA,MULALÓ,18.0
173,COTOPAXI,LATACUNGA,ONCE DE NOVIEMBRE,311.0
174,COTOPAXI,LATACUNGA,POALÓ,65.0
175,COTOPAXI,LATACUNGA,SAN JUAN DE PASTOCALLE,107.0
176,COTOPAXI,LATACUNGA,TANICUCHI,291.0
177,COTOPAXI,LATACUNGA,TOACASO,52.0
178,COTOPAXI,LA MANÁ,LA MANÁ,208.0
179,COTOPAXI,LA MANÁ,GUASAGANDA,16.0
180,COTOPAXI,LA MANÁ,PUCAYACU,11.0
181,COTOPAXI,PANGUA,EL CORAZÓN,34.0
182,COTOPAXI,PANGUA,MORASPUNGO,34.0
183,COTOPAXI,PANGUA,PINLLOPATA,21.0
184,COTOPAXI,PANGUA,RAMÓN CAMPAÑA,15.0
185,COTOPAXI,PUJILÍ,PUJILÍ,144.0
186,COTOPAXI,PUJILÍ,ANGAMARCA,13.0
187,COTOPAXI,PUJILÍ,GUANGAJE,33.0
188,COTOPAXI,PUJILÍ,LA VICTORIA,191.0
189,COTOPAXI,PUJILÍ,PILALÓ,9.0
190,COTOPAXI,PUJILÍ,TINGO,21.0
191,COTOPAXI,PUJILÍ,ZUMBAHUA,33.0
192,COTOPAXI,SALCEDO,SAN MIGUEL,202.0
193,COTOPAXI,SALCEDO,ANTONIO JOSÉ HOLGUÍN,472.0
194,COTOPAXI,SALCEDO,CUSUBAMBA,37.0
195,COTOPAXI,SALCEDO,MULALILLO,176.0
196,COTOPAXI,SALCEDO,MULLIQUINDIL,159.0
197,COTOPAXI,SALCEDO,PANSALEO,251.0
198,COTOPAXI,SAQUISILÍ,SAQUISILÍ,391.0
199,COTOPAXI,SAQUISILÍ,CANCHAGUA,138.0
200,COTOPAXI,SAQUISILÍ,CHANTILÍN,452.0
201,COTOPAXI,SAQUISILÍ,COCHAPAMBA,30.0
202,COTOPAXI,SIGCHOS,SIGCHOS,10.0
203,COTOPAXI,SIGCHOS,CHUGCHILLÁN,24.0
204,COTOPAXI,SIGCHOS,ISINLIVI,23.0
205,COTOPAXI,SIGCHOS,LAS PAMPAS,14.0
206,COTOPAXI,SIGCHOS,PALO QUEMADO,9.0
207,CHIMBORAZO,RIOBAMBA,RIOBAMBA,3.049
208,CHIMBORAZO,RIOBAMBA,CACHA,83.0
209,CHIMBORAZO,RIOBAMBA,CALPI,120.0
210,CHIMBORAZO,RIOBAMBA,CUBIJÍES,252.0
211,CHIMBORAZO,RIOBAMBA,FLORES,61.0
212,CHIMBORAZO,RIOBAMBA,LICÁN,558.0
213,CHIMBORAZO,RIOBAMBA,LICTO,113.0
214,CHIMBORAZO,RIOBAMBA,PUNGALÁ,14.0
215,CHIMBORAZO,RIOBAMBA,PUNÍN,91.0
216,CHIMBORAZO,RIOBAMBA,QUIMIAG,33.0
217,CHIMBORAZO,RIOBAMBA,SAN JUAN,29.0
218,CHIMBORAZO,RIOBAMBA,SAN LUIS,653.0
219,CHIMBORAZO,ALAUSÍ,ALAUSÍ,194.0
220,CHIMBORAZO,ALAUSÍ,ACHUPALLAS,14.0
221,CHIMBORAZO,ALAUSÍ,GUASUNTOS,39.0
222,CHIMBORAZO,ALAUSÍ,HUIGRA,13.0
223,CHIMBORAZO,ALAUSÍ,MULTITUD,18.0
224,CHIMBORAZO,ALAUSÍ,PISTISHI,23.0
225,CHIMBORAZO,ALAUSÍ,PUMALLACTA,28.0
226,CHIMBORAZO,ALAUSÍ,SEVILLA,30.0
227,CHIMBORAZO,ALAUSÍ,SIBAMBE,24.0
228,CHIMBORAZO,ALAUSÍ,TIXÁN,47.0
229,CHIMBORAZO,COLTA,VILLA LA UNIÓN,65.0
230,CHIMBORAZO,COLTA,CAÑI,6.0
231,CHIMBORAZO,COLTA,COLUMBE,55.0
232,CHIMBORAZO,COLTA,JUAN DE VELASCO,11.0
233,CHIMBORAZO,COLTA,SANTIAGO DE QUITO,57.0
234,CHIMBORAZO,CHAMBO,CHAMBO,81.0
235,CHIMBORAZO,CHUNCHI,CHUNCHI,54.0
236,CHIMBORAZO,CHUNCHI,CAPZOL,27.0
237,CHIMBORAZO,CHUNCHI,COMPUD,25.0
238,CHIMBORAZO,CHUNCHI,GONZOL,43.0
239,CHIMBORAZO,CHUNCHI,LLAGOS,20.0
240,CHIMBORAZO,GUAMOTE,GUAMOTE,50.0
241,CHIMBORAZO,GUAMOTE,CEBADAS,11.0
242,CHIMBORAZO,GUAMOTE,PALMIRA,41.0
243,CHIMBORAZO,GUANO,GUANO,243.0
244,CHIMBORAZO,GUANO,GUANANDO,15.0
245,CHIMBORAZO,GUANO,ILAPO,35.0
246,CHIMBORAZO,GUANO,LA PROVIDENCIA,65.0
247,CHIMBORAZO,GUANO,SAN ANDRÉS,80.0
248,CHIMBORAZO,GUANO,SAN GERARDO,461.0
249,CHIMBORAZO,GUANO,SAN ISIDRO DE PATULÚ,58.0
250,CHIMBORAZO,GUANO,SAN JOSÉ DEL CHAZO,60.0
251,CHIMBORAZO,GUANO,SANTA FÉ DE GALÁN,50.0
252,CHIMBORAZO,GUANO,VALPARAISO,13.0
253,CHIMBORAZO,PALLATANGA,PALLATANGA,31.0
254,CHIMBORAZO,PENIPE,PENIPE,76.0
255,CHIMBORAZO,PENIPE,EL ALTAR,17.0
256,CHIMBORAZO,PENIPE,MATUS,11.0
257,CHIMBORAZO,PENIPE,PUELA,7.0
258,CHIMBORAZO,PENIPE,SAN ANTONIO DE BAYUSHIG,283.0
259,CHIMBORAZO,PENIPE,LA CANDELARIA,4.0
260,CHIMBORAZO,PENIPE,BILBAO,10.0
261,CHIMBORAZO,CUMANDÁ,CUMANDÁ,104.0
262,EL ORO,MACHALA,MACHALA,1.228
263,EL ORO,MACHALA,EL RETIRO,36.0
264,EL ORO,ARENILLAS,ARENILLAS,92.0
265,EL ORO,ARENILLAS,CHACRAS,20.0
266,EL ORO,ARENILLAS,PALMALES,16.0
267,EL ORO,ARENILLAS,CARCABÓN,11.0
268,EL ORO,ARENILLAS,LA CUCA,16.0
269,EL ORO,ATAHUALPA,PACCHA,51.0
270,EL ORO,ATAHUALPA,AYAPAMBA,14.0
271,EL ORO,ATAHUALPA,CORDONCILLO,32.0
272,EL ORO,ATAHUALPA,MILAGRO,154.0
273,EL ORO,ATAHUALPA,SAN JOSÉ,192.0
274,EL ORO,ATAHUALPA,SAN JUAN DE CERRO AZUL,3.0
275,EL ORO,BALSAS,BALSAS,112.0
276,EL ORO,BALSAS,BELLAMARÍA,124.0
277,EL ORO,CHILLA,CHILLA,7.0
278,EL ORO,EL GUABO,EL GUABO,150.0
279,EL ORO,EL GUABO,BARBONES,107.0
280,EL ORO,EL GUABO,LA IBERIA,320.0
281,EL ORO,EL GUABO,TENDALES,51.0
282,EL ORO,EL GUABO,RÍO BONITO,44.0
283,EL ORO,HUAQUILLAS,HUAQUILLAS,571.0
284,EL ORO,MARCABELÍ,MARCABELÍ,51.0
285,EL ORO,MARCABELÍ,EL INGENIO,14.0
286,EL ORO,PASAJE,PASAJE,465.0
287,EL ORO,PASAJE,BUENAVISTA,188.0
288,EL ORO,PASAJE,CASACAY,47.0
289,EL ORO,PASAJE,LA PEAÑA,248.0
290,EL ORO,PASAJE,PROGRESO,33.0
291,EL ORO,PASAJE,UZHCURRUMI,30.0
292,EL ORO,PASAJE,CAÑAQUEMADA,80.0
293,EL ORO,PIÑAS,PIÑAS,171.0
294,EL ORO,PIÑAS,CAPIRO,13.0
295,EL ORO,PIÑAS,LA BOCANA,22.0
296,EL ORO,PIÑAS,MOROMORO,15.0
297,EL ORO,PIÑAS,PIEDRAS,13.0
298,EL ORO,PIÑAS,SAN ROQUE,25.0
299,EL ORO,PIÑAS,SARACAY,24.0
300,EL ORO,PORTOVELO,PORTOVELO,312.0
301,EL ORO,PORTOVELO,CURTINCAPA,31.0
302,EL ORO,PORTOVELO,MORALES,9.0
303,EL ORO,PORTOVELO,SALATÍ,6.0
304,EL ORO,SANTA ROSA,SANTA ROSA,434.0
305,EL ORO,SANTA ROSA,BELLAVISTA,97.0
306,EL ORO,SANTA ROSA,JAMBELÍ,4.0
307,EL ORO,SANTA ROSA,LA AVANZADA,37.0
308,EL ORO,SANTA ROSA,SAN ANTONIO,64.0
309,EL ORO,SANTA ROSA,TORATA,33.0
310,EL ORO,SANTA ROSA,VICTORIA,33.0
311,EL ORO,SANTA ROSA,BELLAMARÍA,25.0
312,EL ORO,ZARUMA,ZARUMA,678.0
313,EL ORO,ZARUMA,ABAÑÍN,18.0
314,EL ORO,ZARUMA,ARCAPAMBA,68.0
315,EL ORO,ZARUMA,GUANAZÁN,12.0
316,EL ORO,ZARUMA,GUIZHAGUIÑA,12.0
317,EL ORO,ZARUMA,HUERTAS,49.0
318,EL ORO,ZARUMA,MALVAS,94.0
319,EL ORO,ZARUMA,MULUNCAY GRANDE,111.0
320,EL ORO,ZARUMA,SINSAO,35.0
321,EL ORO,ZARUMA,SALVIAS,8.0
322,EL ORO,LAS LAJAS,LA VICTORIA,30.0
323,EL ORO,LAS LAJAS,LA LIBERTAD,10.0
324,EL ORO,LAS LAJAS,EL PARAÍSO,11.0
325,EL ORO,LAS LAJAS,SAN ISIDRO,24.0
326,ESMERALDAS,ESMERALDAS,ESMERALDAS,2.422
327,ESMERALDAS,ESMERALDAS,CAMARONES,24.0
328,ESMERALDAS,ESMERALDAS,CORONEL CARLOS CONCHA TORRES,10.0
329,ESMERALDAS,ESMERALDAS,CHINCA,23.0
330,ESMERALDAS,ESMERALDAS,MAJUA,27.0
331,ESMERALDAS,ESMERALDAS,SAN MATEO,44.0
332,ESMERALDAS,ESMERALDAS,TABIAZO,20.0
333,ESMERALDAS,ESMERALDAS,TACHINA,88.0
334,ESMERALDAS,ESMERALDAS,VUELTA LARGA,115.0
335,ESMERALDAS,ELOY ALFARO,VALDEZ,60.0
336,ESMERALDAS,ELOY ALFARO,ANCHAYACU,14.0
337,ESMERALDAS,ELOY ALFARO,ATAHUALPA,6.0
338,ESMERALDAS,ELOY ALFARO,BORBÓN,45.0
339,ESMERALDAS,ELOY ALFARO,LA TOLA,17.0
340,ESMERALDAS,ELOY ALFARO,LUIS VARGAS TORRES,1.0
341,ESMERALDAS,ELOY ALFARO,MALDONADO,36.0
342,ESMERALDAS,ELOY ALFARO,PAMPANAL DE BOLÍVAR,12.0
343,ESMERALDAS,ELOY ALFARO,SAN FRANCISCO DE ONZOLE,10.0
344,ESMERALDAS,ELOY ALFARO,SANTO DOMINGO DE ONZOLE,5.0
345,ESMERALDAS,ELOY ALFARO,SELVA ALEGRE,30.0
346,ESMERALDAS,ELOY ALFARO,TELEMBÍ,4.0
347,ESMERALDAS,ELOY ALFARO,COLÓN ELOY DEL MARÍA,31.0
348,ESMERALDAS,ELOY ALFARO,SAN JOSÉ DE CAYAPAS,12.0
349,ESMERALDAS,ELOY ALFARO,TIMBIRÉ,53.0
350,ESMERALDAS,ELOY ALFARO,SANTA LUCÍA DE LAS PEÑAS,24.0
351,ESMERALDAS,MUISNE,MUISNE,62.0
352,ESMERALDAS,MUISNE,BOLÍVAR,51.0
353,ESMERALDAS,MUISNE,DAULE,26.0
354,ESMERALDAS,MUISNE,GALERA,25.0
355,ESMERALDAS,MUISNE,QUINGUE,19.0
356,ESMERALDAS,MUISNE,SÁLIMA,27.0
357,ESMERALDAS,MUISNE,SAN FRANCISCO,26.0
358,ESMERALDAS,MUISNE,SAN GREGORIO,17.0
359,ESMERALDAS,MUISNE,SAN JOSÉ DE CHAMANGA,37.0
360,ESMERALDAS,QUININDÉ,ROSA ZÁRATE,55.0
361,ESMERALDAS,QUININDÉ,CUBE,12.0
362,ESMERALDAS,QUININDÉ,CHURA,18.0
363,ESMERALDAS,QUININDÉ,MALIMPIA,20.0
364,ESMERALDAS,QUININDÉ,VICHE,62.0
365,ESMERALDAS,QUININDÉ,LA UNIÓN,52.0
366,ESMERALDAS,SAN LORENZO,SAN LORENZO,131.0
367,ESMERALDAS,SAN LORENZO,ALTO TAMBO,2.0
368,ESMERALDAS,SAN LORENZO,ANCÓN,24.0
369,ESMERALDAS,SAN LORENZO,CALDERÓN,37.0
370,ESMERALDAS,SAN LORENZO,CARONDELET,16.0
371,ESMERALDAS,SAN LORENZO,5 DE JUNIO,1.0
372,ESMERALDAS,SAN LORENZO,CONCEPCIÓN,9.0
373,ESMERALDAS,SAN LORENZO,MATAJE,3.0
374,ESMERALDAS,SAN LORENZO,SAN JAVIER DE CACHAVÍ,17.0
375,ESMERALDAS,SAN LORENZO,SANTA RITA,20.0
376,ESMERALDAS,SAN LORENZO,TAMBILLO,6.0
377,ESMERALDAS,SAN LORENZO,TULULBÍ,8.0
378,ESMERALDAS,SAN LORENZO,URBINA,5.0
379,ESMERALDAS,ATACAMES,ATACAMES,210.0
380,ESMERALDAS,ATACAMES,LA UNIÓN,29.0
381,ESMERALDAS,ATACAMES,SÚA,61.0
382,ESMERALDAS,ATACAMES,TONCHIGÜE,60.0
383,ESMERALDAS,ATACAMES,TONSUPA,160.0
384,ESMERALDAS,RIOVERDE,RIOVERDE,97.0
385,ESMERALDAS,RIOVERDE,CHONTADURO,19.0
386,ESMERALDAS,RIOVERDE,CHUMUNDÉ,8.0
387,ESMERALDAS,RIOVERDE,LAGARTO,27.0
388,ESMERALDAS,RIOVERDE,MONTALVO,17.0
389,ESMERALDAS,RIOVERDE,ROCAFUERTE,40.0
390,GUAYAS,GUAYAQUIL,GUAYAQUIL,1.507
391,GUAYAS,GUAYAQUIL,JUAN GÓMEZ RENDÓN,44.0
392,GUAYAS,GUAYAQUIL,MORRO,20.0
393,GUAYAS,GUAYAQUIL,POSORJA,458.0
394,GUAYAS,GUAYAQUIL,PUNÁ,8.0
395,GUAYAS,GUAYAQUIL,TENGUEL,85.0
396,GUAYAS,ALFREDO BAQUERIZO MORENO (JUJÁN),ALFREDO BAQUERIZO MORENO (JUJÁN),112.0
397,GUAYAS,BALAO,BALAO,58.0
398,GUAYAS,BALZAR,BALZAR,49.0
399,GUAYAS,COLIMES,COLIMES,37.0
400,GUAYAS,COLIMES,SAN JACINTO,28.0
401,GUAYAS,DAULE,DAULE,801.0
402,GUAYAS,DAULE,JUAN BAUTISTA AGUIRRE,126.0
403,GUAYAS,DAULE,LAUREL,284.0
404,GUAYAS,DAULE,LIMONAL,194.0
405,GUAYAS,DAULE,LOS LOJAS,80.0
406,GUAYAS,DURÁN,ELOY ALFARO,889.0
407,GUAYAS,EL EMPALME,VELASCO IBARRA,344.0
408,GUAYAS,EL EMPALME,GUAYAS,52.0
409,GUAYAS,EL EMPALME,EL ROSARIO,73.0
410,GUAYAS,EL TRIUNFO,EL TRIUNFO,108.0
411,GUAYAS,MILAGRO,MILAGRO,776.0
412,GUAYAS,MILAGRO,CHOBO,96.0
413,GUAYAS,MILAGRO,MARISCAL SUCRE,110.0
414,GUAYAS,MILAGRO,ROBERTO ASTUDILLO,156.0
415,GUAYAS,NARANJAL,NARANJAL,86.0
416,GUAYAS,NARANJAL,JESÚS MARÍA,62.0
417,GUAYAS,NARANJAL,SAN CARLOS,91.0
418,GUAYAS,NARANJAL,SANTA ROSA DE FLANDES,47.0
419,GUAYAS,NARANJAL,TAURA,12.0
420,GUAYAS,NARANJITO,NARANJITO,191.0
421,GUAYAS,PALESTINA,PALESTINA,97.0
422,GUAYAS,PEDRO CARBO,PEDRO CARBO,74.0
423,GUAYAS,PEDRO CARBO,VALLE DE LA VIRGEN,57.0
424,GUAYAS,PEDRO CARBO,SABANILLA,25.0
425,GUAYAS,SAMBORONDÓN,SAMBORONDÓN,327.0
426,GUAYAS,SAMBORONDÓN,TARIFA,179.0
427,GUAYAS,SANTA LUCÍA,SANTA LUCÍA,120.0
428,GUAYAS,SALITRE,EL SALITRE,231.0
429,GUAYAS,SALITRE,GENERAL VERNAZA,124.0
430,GUAYAS,SALITRE,LA VICTORIA,90.0
431,GUAYAS,SALITRE,JUNQUILLAL,134.0
432,GUAYAS,SAN JACINTO DE YAGUACHI,SAN JACINTO DE YAGUACHI,119.0
433,GUAYAS,SAN JACINTO DE YAGUACHI,GENERAL PEDRO J. MONTERO,90.0
434,GUAYAS,SAN JACINTO DE YAGUACHI,YAGUACHI VIEJO,122.0
435,GUAYAS,SAN JACINTO DE YAGUACHI,VIRGEN DE FÁTIMA,351.0
436,GUAYAS,PLAYAS,GENERAL VILLAMIL,218.0
437,GUAYAS,SIMÓN BOLÍVAR,SIMÓN BOLÍVAR,124.0
438,GUAYAS,SIMÓN BOLÍVAR,CORONEL LORENZO DE GARAYCOA,82.0
439,GUAYAS,CORONEL MARCELINO MARIDUEÑA,CORONEL MARCELINO MARIDUEÑA,52.0
440,GUAYAS,LOMAS DE SARGENTILLO,LOMAS DE SARGENTILLO,310.0
441,GUAYAS,NOBOL,NARCISA DE JESÚS,177.0
442,GUAYAS,GENERAL  ANTONIO ELIZALDE,GENERAL ANTONIO ELIZALDE,83.0
443,GUAYAS,ISIDRO AYORA,ISIDRO AYORA,29.0
444,IMBABURA,IBARRA,SAN MIGUEL DE IBARRA,691.0
445,IMBABURA,IBARRA,AMBUQUÍ,49.0
446,IMBABURA,IBARRA,ANGOCHAGUA,30.0
447,IMBABURA,IBARRA,CAROLINA,12.0
448,IMBABURA,IBARRA,LA ESPERANZA,248.0
449,IMBABURA,IBARRA,LITA,17.0
450,IMBABURA,IBARRA,SALINAS,31.0
451,IMBABURA,IBARRA,SAN ANTONIO,738.0
452,IMBABURA,ANTONIO ANTE,ATUNTAQUI,1.253
453,IMBABURA,ANTONIO ANTE,IMBAYA,139.0
454,IMBABURA,ANTONIO ANTE,SAN FRANCISCO DE NATABUELA,752.0
455,IMBABURA,ANTONIO ANTE,SAN JOSÉ DE CHALTURA,227.0
456,IMBABURA,ANTONIO ANTE,SAN ROQUE,668.0
457,IMBABURA,COTACACHI,COTACACHI,325.0
458,IMBABURA,COTACACHI,APUELA,10.0
459,IMBABURA,COTACACHI,GARCÍA MORENO,13.0
460,IMBABURA,COTACACHI,IMANTAG,24.0
461,IMBABURA,COTACACHI,PEÑAHERRERA,15.0
462,IMBABURA,COTACACHI,PLAZA GUTIÉRREZ,4.0
463,IMBABURA,COTACACHI,QUIROGA,181.0
464,IMBABURA,COTACACHI,SEIS DE JULIO DE CUELLAJE,9.0
465,IMBABURA,COTACACHI,VACAS GALINDO,11.0
466,IMBABURA,OTAVALO,OTAVALO,700.0
467,IMBABURA,OTAVALO,DR. MIGUEL EGAS CABEZAS,682.0
468,IMBABURA,OTAVALO,EUGENIO ESPEJO,315.0
469,IMBABURA,OTAVALO,GONZÁLEZ SUÁREZ,148.0
470,IMBABURA,OTAVALO,PATAQUÍ,22.0
471,IMBABURA,OTAVALO,SAN JOSÉ DE QUICHINCHE,51.0
472,IMBABURA,OTAVALO,SAN JUAN DE ILUMÁN,454.0
473,IMBABURA,OTAVALO,SAN PABLO,175.0
474,IMBABURA,OTAVALO,SAN RAFAEL,290.0
475,IMBABURA,OTAVALO,SELVA ALEGRE,15.0
476,IMBABURA,PIMAMPIRO,PIMAMPIRO,109.0
477,IMBABURA,PIMAMPIRO,CHUGÁ,21.0
478,IMBABURA,PIMAMPIRO,MARIANO ACOSTA,10.0
479,IMBABURA,PIMAMPIRO,SAN FRANCISCO DE SIGSIPAMBA,6.0
480,IMBABURA,SAN MIGUEL DE URCUQUÍ,URCUQUÍ,109.0
481,IMBABURA,SAN MIGUEL DE URCUQUÍ,CAHUASQUÍ,15.0
482,IMBABURA,SAN MIGUEL DE URCUQUÍ,LA MERCED DE BUENOS AIRES,5.0
483,IMBABURA,SAN MIGUEL DE URCUQUÍ,PABLO ARENAS,43.0
484,IMBABURA,SAN MIGUEL DE URCUQUÍ,SAN BLAS,48.0
485,IMBABURA,SAN MIGUEL DE URCUQUÍ,TUMBABIRO,45.0
486,LOJA,LOJA,LOJA,752.0
487,LOJA,LOJA,CHANTACO,43.0
488,LOJA,LOJA,CHUQUIRIBAMBA,29.0
489,LOJA,LOJA,EL CISNE,15.0
490,LOJA,LOJA,GUALEL,21.0
491,LOJA,LOJA,JIMBILLA,10.0
492,LOJA,LOJA,MALACATOS,42.0
493,LOJA,LOJA,SAN LUCAS,30.0
494,LOJA,LOJA,SAN PEDRO DE VILCABAMBA,19.0
495,LOJA,LOJA,SANTIAGO,10.0
496,LOJA,LOJA,TAQUIL,40.0
497,LOJA,LOJA,VILCABAMBA,35.0
498,LOJA,LOJA,YANGANA,5.0
499,LOJA,LOJA,QUINARA,10.0
500,LOJA,CALVAS,CARIAMANGA,56.0
501,LOJA,CALVAS,COLAISACA,7.0
502,LOJA,CALVAS,EL LUCERO,28.0
503,LOJA,CALVAS,UTUANA,9.0
504,LOJA,CALVAS,SANGUILLÍN,14.0
505,LOJA,CATAMAYO,CATAMAYO,191.0
506,LOJA,CATAMAYO,EL TAMBO,22.0
507,LOJA,CATAMAYO,GUAYQUICHUMA,3.0
508,LOJA,CATAMAYO,SAN PEDRO DE LA BENDITA,13.0
509,LOJA,CATAMAYO,ZAMBI,9.0
510,LOJA,CELICA,CELICA,28.0
511,LOJA,CELICA,CRUZPAMBA,43.0
512,LOJA,CELICA,PÓZUL,40.0
513,LOJA,CELICA,SABANILLA,18.0
514,LOJA,CELICA,TENIENTE MAXIMILIANO RODRÍGUEZ LOAIZA,20.0
515,LOJA,CHAGUARPAMBA,CHAGUARPAMBA,34.0
516,LOJA,CHAGUARPAMBA,BUENAVISTA,27.0
517,LOJA,CHAGUARPAMBA,EL ROSARIO,4.0
518,LOJA,CHAGUARPAMBA,SANTA RUFINA,22.0
519,LOJA,CHAGUARPAMBA,AMARILLOS,28.0
520,LOJA,ESPÍNDOLA,AMALUZA,34.0
521,LOJA,ESPÍNDOLA,BELLAVISTA,28.0
522,LOJA,ESPÍNDOLA,JIMBURA,21.0
523,LOJA,ESPÍNDOLA,SANTA TERESITA,19.0
524,LOJA,ESPÍNDOLA,27 DE ABRIL,45.0
525,LOJA,ESPÍNDOLA,EL INGENIO,23.0
526,LOJA,ESPÍNDOLA,EL AIRO,29.0
527,LOJA,GONZANAMÁ,GONZANAMÁ,40.0
528,LOJA,GONZANAMÁ,CHANGAIMINA,23.0
529,LOJA,GONZANAMÁ,NAMBACOLA,14.0
530,LOJA,GONZANAMÁ,PURUNUMA,10.0
531,LOJA,GONZANAMÁ,SACAPALCA,15.0
532,LOJA,MACARÁ,MACARÁ,41.0
533,LOJA,MACARÁ,LARAMA,11.0
534,LOJA,MACARÁ,LA VICTORIA,20.0
535,LOJA,MACARÁ,SABIANGO,14.0
536,LOJA,PALTAS,CATACOCHA,27.0
537,LOJA,PALTAS,CANGONAMÁ,21.0
538,LOJA,PALTAS,GUACHANAMÁ,9.0
539,LOJA,PALTAS,LAURO GUERRERO,17.0
540,LOJA,PALTAS,ORIANGA,9.0
541,LOJA,PALTAS,SAN ANTONIO,31.0
542,LOJA,PALTAS,CASANGA,33.0
543,LOJA,PALTAS,YAMANA,56.0
544,LOJA,PUYANGO,ALAMOR,37.0
545,LOJA,PUYANGO,CIANO,17.0
546,LOJA,PUYANGO,EL ARENAL,42.0
547,LOJA,PUYANGO,EL LIMO,12.0
548,LOJA,PUYANGO,MERCADILLO,47.0
549,LOJA,PUYANGO,VICENTINO,19.0
550,LOJA,SARAGURO,SARAGURO,128.0
551,LOJA,SARAGURO,EL PARAÍSO DE CELEN,41.0
552,LOJA,SARAGURO,EL TABLÓN,10.0
553,LOJA,SARAGURO,LLUZHAPA,21.0
554,LOJA,SARAGURO,MANÚ,12.0
555,LOJA,SARAGURO,SAN ANTONIO DE QUMBE,14.0
556,LOJA,SARAGURO,SAN PABLO DE TENTA,21.0
557,LOJA,SARAGURO,SAN SEBASTIÁN DE YÚLUC,8.0
558,LOJA,SARAGURO,SELVA ALEGRE,34.0
559,LOJA,SARAGURO,URDANETA,34.0
560,LOJA,SARAGURO,SUMAYPAMBA,17.0
561,LOJA,SOZORANGA,SOZORANGA,12.0
562,LOJA,SOZORANGA,NUEVA FÁTIMA,16.0
563,LOJA,SOZORANGA,TACAMOROS,32.0
564,LOJA,ZAPOTILLO,ZAPOTILLO,30.0
565,LOJA,ZAPOTILLO,MANGAHURCO,5.0
566,LOJA,ZAPOTILLO,GARZAREAL,10.0
567,LOJA,ZAPOTILLO,LIMONES,7.0
568,LOJA,ZAPOTILLO,PALETILLAS,15.0
569,LOJA,ZAPOTILLO,BOLASPAMBA,9.0
570,LOJA,ZAPOTILLO,CAZADEROS,4.0
571,LOJA,PINDAL,PINDAL,89.0
572,LOJA,PINDAL,CHAQUINAL,58.0
573,LOJA,PINDAL,12 DE DICIEMBRE,48.0
574,LOJA,PINDAL,MILAGROS,32.0
575,LOJA,QUILANGA,QUILANGA,28.0
576,LOJA,QUILANGA,FUNDOCHAMBA,8.0
577,LOJA,QUILANGA,SAN ANTONIO DE LAS ARADAS,10.0
578,LOJA,OLMEDO,OLMEDO,60.0
579,LOJA,OLMEDO,LA TINGUE,9.0
580,LOS RÍOS,BABAHOYO,BABAHOYO,662.0
581,LOS RÍOS,BABAHOYO,CARACOL,57.0
582,LOS RÍOS,BABAHOYO,FEBRES CORDERO,55.0
583,LOS RÍOS,BABAHOYO,PIMOCHA,101.0
584,LOS RÍOS,BABAHOYO,LA UNIÓN,75.0
585,LOS RÍOS,BABA,BABA,126.0
586,LOS RÍOS,BABA,GUARE,58.0
587,LOS RÍOS,BABA,ISLA DE BEJUCAL,91.0
588,LOS RÍOS,MONTALVO,MONTALVO,87.0
589,LOS RÍOS,MONTALVO,LA ESMERALDA,44.0
590,LOS RÍOS,PUEBLOVIEJO,PUEBLOVIEJO,100.0
591,LOS RÍOS,PUEBLOVIEJO,PUERTO PECHICHE,64.0
592,LOS RÍOS,PUEBLOVIEJO,SAN JUAN,203.0
593,LOS RÍOS,QUEVEDO,QUEVEDO,732.0
594,LOS RÍOS,QUEVEDO,SAN CARLOS,144.0
595,LOS RÍOS,QUEVEDO,LA ESPERANZA,174.0
596,LOS RÍOS,URDANETA,CATARAMA,193.0
597,LOS RÍOS,URDANETA,RICAURTE,70.0
598,LOS RÍOS,VENTANAS,VENTANAS,320.0
599,LOS RÍOS,VENTANAS,ZAPOTAL,75.0
600,LOS RÍOS,VENTANAS,CHACARITA,51.0
601,LOS RÍOS,VENTANAS,LOS ÁNGELES,52.0
602,LOS RÍOS,VINCES,VINCES,111.0
603,LOS RÍOS,VINCES,ANTONIO SOTOMAYOR,126.0
604,LOS RÍOS,PALENQUE,PALENQUE,44.0
605,LOS RÍOS,BUENA FE,SAN JACINTO DE BUENA FE,144.0
606,LOS RÍOS,BUENA FE,PATRICIA PILAR,89.0
607,LOS RÍOS,VALENCIA,VALENCIA,53.0
608,LOS RÍOS,MOCACHE,MOCACHE,74.0
609,LOS RÍOS,QUINSALOMA,QUINSALOMA,67.0
610,MANABÍ,PORTOVIEJO,PORTOVIEJO,608.0
611,MANABÍ,PORTOVIEJO,ABDÓN CALDERÓN,139.0
612,MANABÍ,PORTOVIEJO,ALHAJUELA,152.0
613,MANABÍ,PORTOVIEJO,CRUCITA,274.0
614,MANABÍ,PORTOVIEJO,PUEBLO NUEVO,113.0
615,MANABÍ,PORTOVIEJO,RIOCHICO,187.0
616,MANABÍ,PORTOVIEJO,SAN PLÁCIDO,59.0
617,MANABÍ,PORTOVIEJO,CHIRIJOS,45.0
618,MANABÍ,BOLÍVAR,CALCETA,114.0
619,MANABÍ,BOLÍVAR,MEMBRILLO,29.0
620,MANABÍ,BOLÍVAR,QUIROGA,36.0
621,MANABÍ,CHONE,CHONE,95.0
622,MANABÍ,CHONE,BOYACÁ,19.0
623,MANABÍ,CHONE,CANUTO,54.0
624,MANABÍ,CHONE,CONVENTO,21.0
625,MANABÍ,CHONE,CHIBUNGA,11.0
626,MANABÍ,CHONE,ELOY ALFARO,20.0
627,MANABÍ,CHONE,RICAURTE,20.0
628,MANABÍ,CHONE,SAN ANTONIO,45.0
629,MANABÍ,EL CARMEN,EL CARMEN,111.0
630,MANABÍ,EL CARMEN,WILFRIDO LOOR MOREIRA,13.0
631,MANABÍ,EL CARMEN,SAN PEDRO DE SUMA,38.0
632,MANABÍ,EL CARMEN,SANTA MARÍA,40.0
633,MANABÍ,EL CARMEN,EL PARAÍSO LA 14,71.0
634,MANABÍ,FLAVIO ALFARO,FLAVIO ALFARO,20.0
635,MANABÍ,FLAVIO ALFARO,SAN FRANCISCO DE NOVILLO,10.0
636,MANABÍ,FLAVIO ALFARO,ZAPALLO,35.0
637,MANABÍ,JIPIJAPA,JIPIJAPA,142.0
638,MANABÍ,JIPIJAPA,AMÉRICA,38.0
639,MANABÍ,JIPIJAPA,EL ANEGADO,60.0
640,MANABÍ,JIPIJAPA,JULCUY,6.0
641,MANABÍ,JIPIJAPA,LA UNIÓN,37.0
642,MANABÍ,JIPIJAPA,MEMBRILLAL,12.0
643,MANABÍ,JIPIJAPA,PEDRO PABLO GÓMEZ,15.0
644,MANABÍ,JIPIJAPA,PUERTO CAYO,24.0
645,MANABÍ,JUNÍN,JUNÍN,84.0
646,MANABÍ,MANTA,MANTA,2.903
647,MANABÍ,MANTA,SAN LORENZO,34.0
648,MANABÍ,MANTA,SANTA MARIANITA,101.0
649,MANABÍ,MONTECRISTI,MONTECRISTI,162.0
650,MANABÍ,MONTECRISTI,LA PILA,29.0
651,MANABÍ,PAJÁN,PAJÁN,101.0
652,MANABÍ,PAJÁN,CAMPOZANO,37.0
653,MANABÍ,PAJÁN,CASCOL,19.0
654,MANABÍ,PAJÁN,GUALE,42.0
655,MANABÍ,PAJÁN,LASCANO,38.0
656,MANABÍ,PICHINCHA,PICHINCHA,35.0
657,MANABÍ,PICHINCHA,BARRAGANETE,19.0
658,MANABÍ,PICHINCHA,SAN SEBASTIÁN,33.0
659,MANABÍ,ROCAFUERTE,ROCAFUERTE,153.0
660,MANABÍ,SANTA ANA,SANTA ANA DE VUELTA LARGA,84.0
661,MANABÍ,SANTA ANA,AYACUCHO,76.0
662,MANABÍ,SANTA ANA,HONORATO VÁSQUEZ,36.0
663,MANABÍ,SANTA ANA,LA UNIÓN,30.0
664,MANABÍ,SANTA ANA,SAN PABLO,27.0
665,MANABÍ,SUCRE,BAHIA DE CARÁQUEZ,162.0
666,MANABÍ,SUCRE,CHARAPOTÓ,94.0
667,MANABÍ,SUCRE,SAN ISIDRO,44.0
668,MANABÍ,TOSAGUA,TOSAGUA,126.0
669,MANABÍ,TOSAGUA,BACHILLERO,76.0
670,MANABÍ,TOSAGUA,ÁNGEL PEDRO GILER,95.0
671,MANABÍ,24 DE MAYO,SUCRE,77.0
672,MANABÍ,24 DE MAYO,BELLAVISTA,48.0
673,MANABÍ,24 DE MAYO,NOBOA,47.0
674,MANABÍ,24 DE MAYO,ARQUITECTO SIXTO DURÁN BALLÉN,41.0
675,MANABÍ,PEDERNALES,PEDERNALES,62.0
676,MANABÍ,PEDERNALES,COJIMÍES,21.0
677,MANABÍ,PEDERNALES,DIEZ DE AGOSTO,27.0
678,MANABÍ,PEDERNALES,ATAHUALPA,15.0
679,MANABÍ,OLMEDO,OLMEDO,39.0
680,MANABÍ,PUERTO LÓPEZ,PUERTO LÓPEZ,66.0
681,MANABÍ,PUERTO LÓPEZ,MACHALILLA,46.0
682,MANABÍ,PUERTO LÓPEZ,SALANGO,67.0
683,MANABÍ,JAMA,JAMA,29.0
684,MANABÍ,JARAMIJÓ,JARAMIJÓ,308.0
685,MANABÍ,SAN VICENTE,SAN VICENTE,50.0
686,MANABÍ,SAN VICENTE,CANOA,21.0
687,MORONA SANTIAGO,MORONA,MACAS,459.0
688,MORONA SANTIAGO,MORONA,ALSHI,1.0
689,MORONA SANTIAGO,MORONA,GENERAL PROAÑO,67.0
690,MORONA SANTIAGO,MORONA,SAN ISIDRO,9.0
691,MORONA SANTIAGO,MORONA,SEVILLA DON BOSCO,8.0
692,MORONA SANTIAGO,MORONA,SINAÍ,3.0
693,MORONA SANTIAGO,MORONA,ZUÑA,0.0
694,MORONA SANTIAGO,MORONA,CUCHAENTZA,8.0
695,MORONA SANTIAGO,MORONA,RÍO BLANCO,14.0
696,MORONA SANTIAGO,GUALAQUIZA,GUALAQUIZA,34.0
697,MORONA SANTIAGO,GUALAQUIZA,AMAZONAS,1.0
698,MORONA SANTIAGO,GUALAQUIZA,BERMEJOS,2.0
699,MORONA SANTIAGO,GUALAQUIZA,BOMBOÍZA,10.0
700,MORONA SANTIAGO,GUALAQUIZA,CHIGÜINDA,3.0
701,MORONA SANTIAGO,GUALAQUIZA,EL ROSARIO,4.0
702,MORONA SANTIAGO,GUALAQUIZA,NUEVA TARQUI,12.0
703,MORONA SANTIAGO,GUALAQUIZA,SAN MIGUEL DE CUYES,0.0
704,MORONA SANTIAGO,GUALAQUIZA,EL IDEAL,7.0
705,MORONA SANTIAGO,LIMÓN INDANZA,GRAL. LEONIDAS PLAZA GUTIÉRREZ,16.0
706,MORONA SANTIAGO,LIMÓN INDANZA,INDANZA,16.0
707,MORONA SANTIAGO,LIMÓN INDANZA,SAN ANTONIO,2.0
708,MORONA SANTIAGO,LIMÓN INDANZA,SAN MIGUEL DE CONCHAY,3.0
709,MORONA SANTIAGO,LIMÓN INDANZA,SANTA SUSANA DE CHIVIAZA,3.0
710,MORONA SANTIAGO,LIMÓN INDANZA,YUNGANZA,4.0
711,MORONA SANTIAGO,PALORA,PALORA,56.0
712,MORONA SANTIAGO,PALORA,ARAPICOS,5.0
713,MORONA SANTIAGO,PALORA,CUMANDÁ,0.0
714,MORONA SANTIAGO,PALORA,SANGAY,12.0
715,MORONA SANTIAGO,PALORA,16 DE AGOSTO,15.0
716,MORONA SANTIAGO,SANTIAGO,SANTIAGO DE MÉNDEZ,12.0
717,MORONA SANTIAGO,SANTIAGO,COPAL,1.0
718,MORONA SANTIAGO,SANTIAGO,CHUPIANZA,7.0
719,MORONA SANTIAGO,SANTIAGO,PATUCA,7.0
720,MORONA SANTIAGO,SANTIAGO,SAN LUIS DE EL ACHO,10.0
721,MORONA SANTIAGO,SANTIAGO,TAYUZA,17.0
722,MORONA SANTIAGO,SANTIAGO,SAN FRANCISCO DE CHINIMBIMI,9.0
723,MORONA SANTIAGO,SUCÚA,SUCÚA,23.0
724,MORONA SANTIAGO,SUCÚA,ASUNCIÓN,12.0
725,MORONA SANTIAGO,SUCÚA,HUAMBI,15.0
726,MORONA SANTIAGO,SUCÚA,SANTA MARIANITA DE JESÚS,24.0
727,MORONA SANTIAGO,HUAMBOYA,HUAMBOYA,22.0
728,MORONA SANTIAGO,HUAMBOYA,CHIGUAZA,14.0
729,MORONA SANTIAGO,SAN JUAN BOSCO,SAN JUAN BOSCO,20.0
730,MORONA SANTIAGO,SAN JUAN BOSCO,PAN DE AZÚCAR,1.0
731,MORONA SANTIAGO,SAN JUAN BOSCO,SAN CARLOS DE LIMÓN,1.0
732,MORONA SANTIAGO,SAN JUAN BOSCO,SAN JACINTO DE WAKAMBEIS,5.0
733,MORONA SANTIAGO,SAN JUAN BOSCO,SANTIAGO DE PANANZA,5.0
734,MORONA SANTIAGO,TAISHA,TAISHA,6.0
735,MORONA SANTIAGO,TAISHA,HUASAGA,2.0
736,MORONA SANTIAGO,TAISHA,MACUMA,6.0
737,MORONA SANTIAGO,TAISHA,TUUTINENTSA,5.0
738,MORONA SANTIAGO,TAISHA,PUMPUENTSA,3.0
739,MORONA SANTIAGO,LOGROÑO,LOGROÑO,47.0
740,MORONA SANTIAGO,LOGROÑO,YAUPI,3.0
741,MORONA SANTIAGO,LOGROÑO,SHIMPIS,10.0
742,MORONA SANTIAGO,PABLO SEXTO,PABLO SEXTO,2.0
743,MORONA SANTIAGO,TIWINTZA,SANTIAGO,8.0
744,MORONA SANTIAGO,TIWINTZA,SAN JOSÉ DE MORONA,7.0
745,NAPO,TENA,TENA,486.0
746,NAPO,TENA,AHUANO,17.0
747,NAPO,TENA,CHONTAPUNTA,9.0
748,NAPO,TENA,PANO,3.0
749,NAPO,TENA,PUERTO MISAHUALLÍ,15.0
750,NAPO,TENA,PUERTO NAPO,32.0
751,NAPO,TENA,TÁLAG,4.0
752,NAPO,TENA,SAN JUAN DE MUYUNA,45.0
753,NAPO,ARCHIDONA,ARCHIDONA,16.0
754,NAPO,ARCHIDONA,COTUNDO,4.0
755,NAPO,ARCHIDONA,SAN PABLO DE USHPAYACU,37.0
756,NAPO,ARCHIDONA,HATUN SUMAKU,7.0
757,NAPO,EL CHACO,EL CHACO,98.0
758,NAPO,EL CHACO,GONZALO DÍAZ DE PINEDA,0.0
759,NAPO,EL CHACO,LINARES,1.0
760,NAPO,EL CHACO,OYACACHI,1.0
761,NAPO,EL CHACO,SANTA ROSA,5.0
762,NAPO,EL CHACO,SARDINAS,5.0
763,NAPO,QUIJOS,BAEZA,14.0
764,NAPO,QUIJOS,COSANGA,1.0
765,NAPO,QUIJOS,CUYUJA,2.0
766,NAPO,QUIJOS,PAPALLACTA,2.0
767,NAPO,QUIJOS,SAN FRANCISCO DE BORJA,28.0
768,NAPO,QUIJOS,SUMACO,0.0
769,NAPO,CARLOS JULIO AROSEMENA TOLA,CARLOS JULIO AROSEMENA TOLA,9.0
770,PASTAZA,PASTAZA,PUYO,430.0
771,PASTAZA,PASTAZA,CANELOS,6.0
772,PASTAZA,PASTAZA,DIEZ DE AGOSTO,15.0
773,PASTAZA,PASTAZA,FÁTIMA,23.0
774,PASTAZA,PASTAZA,MONTALVO,1.0
775,PASTAZA,PASTAZA,POMONA,5.0
776,PASTAZA,PASTAZA,RÍO CORRIENTES,0.0
777,PASTAZA,PASTAZA,RÍO TIGRE,0.0
778,PASTAZA,PASTAZA,SARAYACU,1.0
779,PASTAZA,PASTAZA,SIMÓN BOLÍVAR,7.0
780,PASTAZA,PASTAZA,TARQUI,153.0
781,PASTAZA,PASTAZA,TENIENTE HUGO ORTIZ,11.0
782,PASTAZA,PASTAZA,VERACRUZ,14.0
783,PASTAZA,PASTAZA,EL TRIUNFO,6.0
784,PASTAZA,MERA,MERA,5.0
785,PASTAZA,MERA,MADRE TIERRA,27.0
786,PASTAZA,MERA,SHELL,391.0
787,PASTAZA,SANTA CLARA,SANTA CLARA,15.0
788,PASTAZA,SANTA CLARA,SAN JOSÉ,13.0
789,PASTAZA,ARAJUNO,ARAJUNO,9.0
790,PASTAZA,ARAJUNO,CURARAY,0.0
791,PICHINCHA,DISTRITO METROPOLITANO DE QUITO,QUITO,4.878
792,PICHINCHA,DISTRITO METROPOLITANO DE QUITO,ALANGASÍ,1.18
793,PICHINCHA,DISTRITO METROPOLITANO DE QUITO,AMAGUAÑA,767.0
794,PICHINCHA,DISTRITO METROPOLITANO DE QUITO,ATAHUALPA,21.0
795,PICHINCHA,DISTRITO METROPOLITANO DE QUITO,CALACALÍ,26.0
796,PICHINCHA,DISTRITO METROPOLITANO DE QUITO,CALDERÓN,3.211
797,PICHINCHA,DISTRITO METROPOLITANO DE QUITO,CONOCOTO,2.859
798,PICHINCHA,DISTRITO METROPOLITANO DE QUITO,CUMBAYÁ,1.996
799,PICHINCHA,DISTRITO METROPOLITANO DE QUITO,CHAVEZPAMBA,50.0
800,PICHINCHA,DISTRITO METROPOLITANO DE QUITO,CHECA,131.0
801,PICHINCHA,DISTRITO METROPOLITANO DE QUITO,EL QUINCHE,243.0
802,PICHINCHA,DISTRITO METROPOLITANO DE QUITO,GUALEA,14.0
803,PICHINCHA,DISTRITO METROPOLITANO DE QUITO,GUANGOPOLO,426.0
804,PICHINCHA,DISTRITO METROPOLITANO DE QUITO,GUAYLLABAMBA,371.0
805,PICHINCHA,DISTRITO METROPOLITANO DE QUITO,LA MERCED,362.0
806,PICHINCHA,DISTRITO METROPOLITANO DE QUITO,LLANO CHICO,2.002
807,PICHINCHA,DISTRITO METROPOLITANO DE QUITO,LLOA,4.0
808,PICHINCHA,DISTRITO METROPOLITANO DE QUITO,NANEGAL,12.0
809,PICHINCHA,DISTRITO METROPOLITANO DE QUITO,NANEGALITO,22.0
810,PICHINCHA,DISTRITO METROPOLITANO DE QUITO,NAYÓN,1.247
811,PICHINCHA,DISTRITO METROPOLITANO DE QUITO,NONO,14.0
812,PICHINCHA,DISTRITO METROPOLITANO DE QUITO,PACTO,11.0
813,PICHINCHA,DISTRITO METROPOLITANO DE QUITO,PERUCHO,72.0
814,PICHINCHA,DISTRITO METROPOLITANO DE QUITO,PIFO,91.0
815,PICHINCHA,DISTRITO METROPOLITANO DE QUITO,PÍNTAG,48.0
816,PICHINCHA,DISTRITO METROPOLITANO DE QUITO,POMASQUI,1.556
817,PICHINCHA,DISTRITO METROPOLITANO DE QUITO,PUÉLLARO,71.0
818,PICHINCHA,DISTRITO METROPOLITANO DE QUITO,PUEMBO,560.0
819,PICHINCHA,DISTRITO METROPOLITANO DE QUITO,SAN ANTONIO,448.0
820,PICHINCHA,DISTRITO METROPOLITANO DE QUITO,SAN JOSÉ DE MINAS,19.0
821,PICHINCHA,DISTRITO METROPOLITANO DE QUITO,TABABELA,152.0
822,PICHINCHA,DISTRITO METROPOLITANO DE QUITO,TUMBACO,1.207
823,PICHINCHA,DISTRITO METROPOLITANO DE QUITO,YARUQUÍ,364.0
824,PICHINCHA,DISTRITO METROPOLITANO DE QUITO,ZÁMBIZA,814.0
825,PICHINCHA,CAYAMBE,CAYAMBE,193.0
826,PICHINCHA,CAYAMBE,ASCÁZUBI,227.0
827,PICHINCHA,CAYAMBE,CANGAHUA,54.0
828,PICHINCHA,CAYAMBE,OLMEDO,16.0
829,PICHINCHA,CAYAMBE,OTÓN,130.0
830,PICHINCHA,CAYAMBE,SANTA ROSA DE CUZUBAMBA,275.0
831,PICHINCHA,CAYAMBE,SAN JOSÉ DE AYORA,110.0
832,PICHINCHA,MEJÍA,MACHACHI,84.0
833,PICHINCHA,MEJÍA,ALOAG,49.0
834,PICHINCHA,MEJÍA,ALOASÍ,191.0
835,PICHINCHA,MEJÍA,CUTUGLAHUA,783.0
836,PICHINCHA,MEJÍA,EL CHAUPI,10.0
837,PICHINCHA,MEJÍA,MANUEL CORNEJO ASTORGA,7.0
838,PICHINCHA,MEJÍA,TAMBILLO,197.0
839,PICHINCHA,MEJÍA,UYUMBICHO,294.0
840,PICHINCHA,PEDRO MONCAYO,TABACUNDO,297.0
841,PICHINCHA,PEDRO MONCAYO,LA ESPERANZA,124.0
842,PICHINCHA,PEDRO MONCAYO,MALCHINGUÍ,73.0
843,PICHINCHA,PEDRO MONCAYO,TOCACHI,21.0
844,PICHINCHA,PEDRO MONCAYO,TUPIGACHI,145.0
845,PICHINCHA,RUMIÑAHUI,SANGOLQUÍ,1.795
846,PICHINCHA,RUMIÑAHUI,COTOGCHOA,122.0
847,PICHINCHA,RUMIÑAHUI,RUMIPAMBA,16.0
848,PICHINCHA,SAN MIGUEL DE LOS BANCOS,SAN MIGUEL DE LOS BANCOS,18.0
849,PICHINCHA,SAN MIGUEL DE LOS BANCOS,MINDO,11.0
850,PICHINCHA,PEDRO VICENTE MALDONADO,PEDRO VICENTE MALDONADO,25.0
851,PICHINCHA,PUERTO QUITO,PUERTO QUITO,36.0
852,TUNGURAHUA,AMBATO,AMBATO,4.006
853,TUNGURAHUA,AMBATO,AMBATILLO,413.0
854,TUNGURAHUA,AMBATO,ATAHUALPA,1.503
855,TUNGURAHUA,AMBATO,AUGUSTO N. MARTÍNEZ,276.0
856,TUNGURAHUA,AMBATO,CONSTANTINO FERNÁNDEZ,200.0
857,TUNGURAHUA,AMBATO,HUACHI GRANDE,1.115
858,TUNGURAHUA,AMBATO,IZAMBA,754.0
859,TUNGURAHUA,AMBATO,JUAN BENIGNO VELA,207.0
860,TUNGURAHUA,AMBATO,MONTALVO,593.0
861,TUNGURAHUA,AMBATO,PASA,88.0
862,TUNGURAHUA,AMBATO,PICAIHUA,650.0
863,TUNGURAHUA,AMBATO,PILAGÜÍN,27.0
864,TUNGURAHUA,AMBATO,QUISAPINCHA,88.0
865,TUNGURAHUA,AMBATO,SAN BARTOLOMÉ DE PINLLO,925.0
866,TUNGURAHUA,AMBATO,SAN FERNANDO,19.0
867,TUNGURAHUA,AMBATO,SANTA ROSA,710.0
868,TUNGURAHUA,AMBATO,TOTORAS,1.263
869,TUNGURAHUA,AMBATO,CUNCHIBAMBA,276.0
870,TUNGURAHUA,AMBATO,UNAMUNCHO,398.0
871,TUNGURAHUA,BAÑOS DE AGUA SANTA,BAÑOS,190.0
872,TUNGURAHUA,BAÑOS DE AGUA SANTA,LLIGUA,39.0
873,TUNGURAHUA,BAÑOS DE AGUA SANTA,RÍO NEGRO,2.0
874,TUNGURAHUA,BAÑOS DE AGUA SANTA,RÍO VERDE,5.0
875,TUNGURAHUA,BAÑOS DE AGUA SANTA,ULBA,30.0
876,TUNGURAHUA,CEVALLOS,CEVALLOS,556.0
877,TUNGURAHUA,MOCHA,MOCHA,73.0
878,TUNGURAHUA,MOCHA,PINGUILÍ,244.0
879,TUNGURAHUA,PATATE,PATATE,110.0
880,TUNGURAHUA,PATATE,EL TRIUNFO,10.0
881,TUNGURAHUA,PATATE,LOS ANDES,85.0
882,TUNGURAHUA,PATATE,SUCRE,42.0
883,TUNGURAHUA,QUERO,QUERO,153.0
884,TUNGURAHUA,QUERO,RUMIPAMBA,85.0
885,TUNGURAHUA,QUERO,YANAYACU MOCHAPATA,42.0
886,TUNGURAHUA,SAN PEDRO DE PELILEO,PELILEO,487.0
887,TUNGURAHUA,SAN PEDRO DE PELILEO,BENÍTEZ,508.0
888,TUNGURAHUA,SAN PEDRO DE PELILEO,BOLÍVAR,271.0
889,TUNGURAHUA,SAN PEDRO DE PELILEO,COTALÓ,49.0
890,TUNGURAHUA,SAN PEDRO DE PELILEO,CHIQUICHA,178.0
891,TUNGURAHUA,SAN PEDRO DE PELILEO,EL ROSARIO,230.0
892,TUNGURAHUA,SAN PEDRO DE PELILEO,GARCÍA MORENO,500.0
893,TUNGURAHUA,SAN PEDRO DE PELILEO,GUAMBALÓ,329.0
894,TUNGURAHUA,SAN PEDRO DE PELILEO,SALASACA,503.0
895,TUNGURAHUA,SANTIAGO DE PÍLLARO,PÍLLARO,324.0
896,TUNGURAHUA,SANTIAGO DE PÍLLARO,BAQUERIZO MORENO,9.0
897,TUNGURAHUA,SANTIAGO DE PÍLLARO,EMILIO MARÍA TERÁN,92.0
898,TUNGURAHUA,SANTIAGO DE PÍLLARO,MARCOS ESPINEL,18.0
899,TUNGURAHUA,SANTIAGO DE PÍLLARO,PRESIDENTE URBINA,260.0
900,TUNGURAHUA,SANTIAGO DE PÍLLARO,SAN ANDRÉS,230.0
901,TUNGURAHUA,SANTIAGO DE PÍLLARO,SAN JOSÉ DE POALÓ,11.0
902,TUNGURAHUA,SANTIAGO DE PÍLLARO,SAN MIGUELITO,233.0
903,TUNGURAHUA,TISALEO,TISALEO,262.0
904,TUNGURAHUA,TISALEO,QUINCHICOTO,109.0
905,ZAMORA CHINCHIPE,ZAMORA,ZAMORA,45.0
906,ZAMORA CHINCHIPE,ZAMORA,CUMBARATZA,24.0
907,ZAMORA CHINCHIPE,ZAMORA,GUADALUPE,14.0
908,ZAMORA CHINCHIPE,ZAMORA,IMBANA,3.0
909,ZAMORA CHINCHIPE,ZAMORA,SABANILLA,2.0
910,ZAMORA CHINCHIPE,ZAMORA,TIMBARA,6.0
911,ZAMORA CHINCHIPE,ZAMORA,SAN CARLOS DE LAS MINAS,13.0
912,ZAMORA CHINCHIPE,CHINCHIPE,ZUMBA,19.0
913,ZAMORA CHINCHIPE,CHINCHIPE,CHITO,5.0
914,ZAMORA CHINCHIPE,CHINCHIPE,EL CHORRO,11.0
915,ZAMORA CHINCHIPE,CHINCHIPE,LA CHONTA,13.0
916,ZAMORA CHINCHIPE,CHINCHIPE,PUCAPAMBA,4.0
917,ZAMORA CHINCHIPE,CHINCHIPE,SAN ANDRÉS,1.0
918,ZAMORA CHINCHIPE,NANGARITZA,GUAYZIMI,27.0
919,ZAMORA CHINCHIPE,NANGARITZA,ZURMI,2.0
920,ZAMORA CHINCHIPE,NANGARITZA,NUEVO PARAÍSO,1.0
921,ZAMORA CHINCHIPE,NANGARITZA,NANKAIS,7.0
922,ZAMORA CHINCHIPE,YACUAMBI,28 DE MAYO,7.0
923,ZAMORA CHINCHIPE,YACUAMBI,LA PAZ,7.0
924,ZAMORA CHINCHIPE,YACUAMBI,TUTUPALI,2.0
925,ZAMORA CHINCHIPE,YANTZAZA,YANTZAZA,60.0
926,ZAMORA CHINCHIPE,YANTZAZA,CHICAÑA,11.0
927,ZAMORA CHINCHIPE,YANTZAZA,LOS ENCUENTROS,9.0
928,ZAMORA CHINCHIPE,EL PANGUI,EL PANGUI,54.0
929,ZAMORA CHINCHIPE,EL PANGUI,EL GUISME,17.0
930,ZAMORA CHINCHIPE,EL PANGUI,PACHICUTZA,13.0
931,ZAMORA CHINCHIPE,EL PANGUI,TUNDAYME,4.0
932,ZAMORA CHINCHIPE,CENTINELA DEL CÓNDOR,ZUMBI,31.0
933,ZAMORA CHINCHIPE,CENTINELA DEL CÓNDOR,TRIUNFO DORADO,20.0
934,ZAMORA CHINCHIPE,CENTINELA DEL CÓNDOR,PANGUINTZA,38.0
935,ZAMORA CHINCHIPE,PALANDA,PALANDA,9.0
936,ZAMORA CHINCHIPE,PALANDA,EL PORVENIR DEL CARMEN,3.0
937,ZAMORA CHINCHIPE,PALANDA,SAN FRANCISCO DEL VERGEL,6.0
938,ZAMORA CHINCHIPE,PALANDA,VALLADOLID,2.0
939,ZAMORA CHINCHIPE,PALANDA,LA CANELA,2.0
940,ZAMORA CHINCHIPE,PAQUISHA,PAQUISHA,14.0
941,ZAMORA CHINCHIPE,PAQUISHA,BELLAVISTA,8.0
942,ZAMORA CHINCHIPE,PAQUISHA,NUEVO QUITO,18.0
943,GALÁPAGOS,SAN CRISTÓBAL,PUERTO BAQUERIZO MORENO,2.48
944,GALÁPAGOS,SAN CRISTÓBAL,EL PROGRESO,2.0
945,GALÁPAGOS,SAN CRISTÓBAL,ISLA SANTA MARÍA FLOREANA,1.0
946,GALÁPAGOS,ISABELA,PUERTO VILLAMIL,1.755
947,GALÁPAGOS,ISABELA,TOMÁS DE BERLANGA,0.0
948,GALÁPAGOS,SANTA CRUZ,PUERTO AYORA,4.407
949,GALÁPAGOS,SANTA CRUZ,BELLA VISTA,3.0
950,GALÁPAGOS,SANTA CRUZ,SANTA ROSA,1.0
951,SUCUMBÍOS,LAGO AGRIO,NUEVA LOJA,303.0
952,SUCUMBÍOS,LAGO AGRIO,DURENO,13.0
953,SUCUMBÍOS,LAGO AGRIO,GENERAL FARFÁN,13.0
954,SUCUMBÍOS,LAGO AGRIO,EL ENO,16.0
955,SUCUMBÍOS,LAGO AGRIO,PACAYACU,10.0
956,SUCUMBÍOS,LAGO AGRIO,JAMBELÍ,8.0
957,SUCUMBÍOS,LAGO AGRIO,SANTA CECILIA,36.0
958,SUCUMBÍOS,LAGO AGRIO,10 DE AGOSTO,12.0
959,SUCUMBÍOS,GONZALO PIZARRO,LUMBAQUÍ,17.0
960,SUCUMBÍOS,GONZALO PIZARRO,EL REVENTADOR,1.0
961,SUCUMBÍOS,GONZALO PIZARRO,GONZALO PIZARRO,15.0
962,SUCUMBÍOS,GONZALO PIZARRO,PUERTO LIBRE,2.0
963,SUCUMBÍOS,PUTUMAYO,PUERTO EL CARMEN DE PUTUMAYO,3.0
964,SUCUMBÍOS,PUTUMAYO,PALMA ROJA,2.0
965,SUCUMBÍOS,PUTUMAYO,PUERTO BOLÍVAR,0.0
966,SUCUMBÍOS,PUTUMAYO,PUERTO RODRÍGUEZ,1.0
967,SUCUMBÍOS,PUTUMAYO,SANTA ELENA,3.0
968,SUCUMBÍOS,PUTUMAYO,SANSAHUARI,5.0
969,SUCUMBÍOS,SHUSHUFINDI,SHUSHUFINDI,63.0
970,SUCUMBÍOS,SHUSHUFINDI,LIMONCOCHA,13.0
971,SUCUMBÍOS,SHUSHUFINDI,PAÑACOCHA,1.0
972,SUCUMBÍOS,SHUSHUFINDI,SAN ROQUE,7.0
973,SUCUMBÍOS,SHUSHUFINDI,SAN PEDRO DE LOS COFÁNES,49.0
974,SUCUMBÍOS,SHUSHUFINDI,SIETE DE JULIO,36.0
975,SUCUMBÍOS,SUCUMBÍOS,LA BONITA,7.0
976,SUCUMBÍOS,SUCUMBÍOS,EL PLAYÓN DE SAN FRANCISCO,4.0
977,SUCUMBÍOS,SUCUMBÍOS,LA SOFÍA,0.0
978,SUCUMBÍOS,SUCUMBÍOS,ROSA FLORIDA,1.0
979,SUCUMBÍOS,SUCUMBÍOS,SANTA BÁRBARA,7.0
980,SUCUMBÍOS,CASCALES,EL DORADO DE CASCALES,5.0
981,SUCUMBÍOS,CASCALES,SANTA ROSA DE SUCUMBÍOS,10.0
982,SUCUMBÍOS,CASCALES,SEVILLA,26.0
983,SUCUMBÍOS,CASCALES,NUEVA TRONCAL,11.0
984,SUCUMBÍOS,CUYABENO,TARAPOA,6.0
985,SUCUMBÍOS,CUYABENO,CUYABENO,0.0
986,SUCUMBÍOS,CUYABENO,AGUAS NEGRAS,3.0
987,ORELLANA,FRANCISCO DE ORELLANA,EL COCA,399.0
988,ORELLANA,FRANCISCO DE ORELLANA,DAYUMA,6.0
989,ORELLANA,FRANCISCO DE ORELLANA,TARACOA,8.0
990,ORELLANA,FRANCISCO DE ORELLANA,ALEJANDRO LABAKA,2.0
991,ORELLANA,FRANCISCO DE ORELLANA,EL DORADO,24.0
992,ORELLANA,FRANCISCO DE ORELLANA,EL EDÉN,1.0
993,ORELLANA,FRANCISCO DE ORELLANA,GARCÍA MORENO,11.0
994,ORELLANA,FRANCISCO DE ORELLANA,INÉS ARANGO,2.0
995,ORELLANA,FRANCISCO DE ORELLANA,LA BELLEZA,8.0
996,ORELLANA,FRANCISCO DE ORELLANA,NUEVO PARAÍSO,11.0
997,ORELLANA,FRANCISCO DE ORELLANA,SAN JOSÉ DE GUAYUSA,7.0
998,ORELLANA,FRANCISCO DE ORELLANA,SAN LUIS DE ARMENIA,8.0
999,ORELLANA,AGUARICO,NUEVO ROCAFUERTE,2.0
1000,ORELLANA,AGUARICO,CAPITÁN AUGUSTO RIVADENEYRA,1.0
1001,ORELLANA,AGUARICO,CONONACO,0.0
1002,ORELLANA,AGUARICO,SANTA MARÍA DE HUIRIRIMA,1.0
1003,ORELLANA,AGUARICO,YASUNÍ,0.0
1004,ORELLANA,LA JOYA DE LOS SACHAS,LA JOYA DE LOS SACHAS,136.0
1005,ORELLANA,LA JOYA DE LOS SACHAS,ENOKANQUI,42.0
1006,ORELLANA,LA JOYA DE LOS SACHAS,POMPEYA,17.0
1007,ORELLANA,LA JOYA DE LOS SACHAS,SAN CARLOS,32.0
1008,ORELLANA,LA JOYA DE LOS SACHAS,SAN SEBASTIÁN DEL COCA,19.0
1009,ORELLANA,LA JOYA DE LOS SACHAS,LAGO SAN PEDRO,30.0
1010,ORELLANA,LA JOYA DE LOS SACHAS,RUMIPAMBA,29.0
1011,ORELLANA,LA JOYA DE LOS SACHAS,TRES DE NOVIEMBRE,32.0
1012,ORELLANA,LA JOYA DE LOS SACHAS,UNIÓN MILAGREÑA,25.0
1013,ORELLANA,LORETO,LORETO,81.0
1014,ORELLANA,LORETO,ÁVILA,18.0
1015,ORELLANA,LORETO,PUERTO MURIALDO,21.0
1016,ORELLANA,LORETO,SAN JOSÉ DE PAYAMINO,4.0
1017,ORELLANA,LORETO,SAN JOSÉ DE DAHUANO,11.0
1018,ORELLANA,LORETO,SAN VICENTE DE HUATICOCHA,6.0
1019,SANTO DOMINGO DE LOS TSÁCHILAS,SANTO DOMINGO,SANTO DOMINGO DE LOS COLORADOS,348.0
1020,SANTO DOMINGO DE LOS TSÁCHILAS,SANTO DOMINGO,ALLURIQUÍN,13.0
1021,SANTO DOMINGO DE LOS TSÁCHILAS,SANTO DOMINGO,PUERTO LIMÓN,48.0
1022,SANTO DOMINGO DE LOS TSÁCHILAS,SANTO DOMINGO,LUZ DE AMÉRICA,37.0
1023,SANTO DOMINGO DE LOS TSÁCHILAS,SANTO DOMINGO,SAN JACINTO DEL BÚA,67.0
1024,SANTO DOMINGO DE LOS TSÁCHILAS,SANTO DOMINGO,VALLE HERMOSO,32.0
1025,SANTO DOMINGO DE LOS TSÁCHILAS,SANTO DOMINGO,EL ESFUERZO,21.0
1026,SANTO DOMINGO DE LOS TSÁCHILAS,SANTO DOMINGO,SANTA MARÍA DEL TOACHI,20.0
1027,SANTO DOMINGO DE LOS TSÁCHILAS,LA CONCORDIA,LA CONCORDIA,459.0
1028,SANTO DOMINGO DE LOS TSÁCHILAS,LA CONCORDIA,MONTERREY,72.0
1029,SANTO DOMINGO DE LOS TSÁCHILAS,LA CONCORDIA,LA VILLEGAS,77.0
1030,SANTO DOMINGO DE LOS TSÁCHILAS,LA CONCORDIA,PLAN PILOTO,28.0
1031,SANTA ELENA,SANTA ELENA,SANTA ELENA,135.0
1032,SANTA ELENA,SANTA ELENA,ATAHUALPA,52.0
1033,SANTA ELENA,SANTA ELENA,COLONCHE,35.0
1034,SANTA ELENA,SANTA ELENA,CHANDUY,27.0
1035,SANTA ELENA,SANTA ELENA,MANGLARALTO,88.0
1036,SANTA ELENA,SANTA ELENA,SIMÓN BOLÍVAR,8.0
1037,SANTA ELENA,SANTA ELENA,SAN JOSÉ DE ANCÓN,120.0
1038,SANTA ELENA,LA LIBERTAD,LA LIBERTAD,4.44
1039,SANTA ELENA,SALINAS,SALINAS,2.049
1040,SANTA ELENA,SALINAS,ANCONCITO,1.005
1041,SANTA ELENA,SALINAS,JOSÉ LUIS TAMAYO,1.027
